time,c1x,c1y,c1z,c2x,c2y,c2z,c3x,c3y,c3z,dt1,dt2,ds1x,ds1y,ds2x,ds2y,v1x,v1y,v2x,v2y,ax,ay,px,py,tvx,tvy,tvz,rvx,rvy,rvz,heading,roll,pitch,ballang,ballradscale,headerr,heading_pid_out,pitch_pid_out,pitcherr,roll_pid_out,rollerr,x_pid_out,xerr,yerr
1719417376.321568,226.000,330.000,66.000,232.000,336.000,68.000,242.000,344.000,66.000, 0.066, 0.077, 6.000, 6.000, 6.000, 6.000,91.565,91.565,130.033,104.026,500.203,162.034,319.989,239.268,106.706,62.868,469.829,-2.206, 2.188, 0.243, 0.131,-5.347,-7.317,-2.21430,130.00000,0.13106,0.06605,0.17680,-104.00000,-0.13260,78.00000,-0.07259,0.00000,0.00000
1719417376.387365,232.000,336.000,68.000,242.000,344.000,66.000,252.000,350.000,66.000, 0.077, 0.066,10.000, 8.000,10.000, 8.000,130.033,104.026,151.687,91.012,328.474,-197.401,319.528,238.309,106.007,63.091,463.347,-2.235, 2.211, 0.153, 0.489,-4.205,-3.664,-2.12448,129.32131,0.48889,0.06223,0.18700,-110.00000,-0.11560,68.00000,-0.07259,0.00000,1.00000
1719417376.446529,242.000,344.000,66.000,252.000,350.000,66.000,258.000,356.000,66.000, 0.066, 0.059,10.000, 6.000,10.000, 6.000,151.687,91.012,101.281,101.281,-850.865,173.339,319.986,238.147,106.732,62.335,470.992,-2.204, 2.184, 0.318,-0.084,-7.393,-9.195,-2.06165,131.52946,-0.08376,0.06800,0.19720,-116.00000,-0.10540,62.00000,-0.07259,0.00000,1.00000
1719417376.5178869,252.000,350.000,66.000,258.000,356.000,66.000,260.000,356.000,67.000, 0.059, 0.071, 6.000, 6.000, 6.000, 6.000,101.281,101.281,28.049, 0.000,-1027.052,-1420.435,319.697,238.588,106.441,62.817,466.434,-2.219, 2.201, 0.182, 0.274,-4.285,-5.170,-2.04814,130.59862,0.27409,0.06428,0.19720,-116.00000,-0.10200,60.00000,-0.07259,0.00000,1.00000
1719417376.5808141,258.000,356.000,66.000,260.000,356.000,67.000,266.000,358.000,66.000, 0.071, 0.063, 2.000, 0.000, 2.000, 0.000,28.049, 0.000,95.349,31.783,1069.481,505.075,319.790,238.249,106.273,62.916,464.051,-2.230, 2.209, 0.133, 0.440,-3.473,-3.390,-1.99997,129.76903,0.43997,0.06241,0.20060,-118.00000,-0.09180,54.00000,-0.07259,0.00000,1.00000
1719417376.645,260.000,356.000,67.000,266.000,358.000,66.000,266.000,358.000,66.000, 0.063, 0.064, 6.000, 2.000, 6.000, 2.000,95.349,31.783, 0.000, 0.000,-1485.507,-495.169,319.535,238.223,106.079,62.964,464.801,-2.231, 2.207, 0.180, 0.424,-4.729,-4.554,-1.99997,129.76903,0.42361,0.06236,0.20060,-118.00000,-0.09180,54.00000,-0.07259,0.00000,1.00000
1719417376.707834,266.000,358.000,66.000,266.000,358.000,66.000,266.000,358.000,65.000, 0.064, 0.063, 0.000, 0.000, 0.000, 0.000, 0.000, 0.000, 0.000, 0.000, 0.000, 0.000,319.850,237.887,106.473,62.447,470.195,-2.210, 2.186, 0.317, 0.018,-7.561,-8.929,-1.99997,129.76903,0.01832,0.06640,0.20060,-118.00000,-0.09180,54.00000,-0.07259,0.00000,2.00000
1719417376.7752252,266.000,358.000,66.000,266.000,358.000,65.000,260.000,356.000,66.000, 0.063, 0.068, 0.000, 0.000, 0.000, 0.000, 0.000, 0.000,-88.865,-29.622,-1316.171,-438.724,319.403,238.217,105.981,62.988,465.406,-2.230, 2.205, 0.208, 0.399,-5.439,-5.297,-2.04814,130.59862,0.39911,0.06239,0.19720,-116.00000,-0.10200,60.00000,-0.07259,0.00000,1.00000
1719417376.84929,266.000,358.000,65.000,260.000,356.000,66.000,256.000,352.000,66.000, 0.068, 0.074,-6.000,-2.000,-6.000,-2.000,-88.865,-29.622,-54.052,-54.052,470.432,-330.120,320.012,238.303,106.640,62.543,469.626,-2.208, 2.187, 0.316,-0.049,-7.490,-8.934,-2.08994,128.99612,-0.04864,0.06690,0.19040,-112.00000,-0.10880,64.00000,-0.07259,0.00000,1.00000
1719417376.9128802,260.000,356.000,66.000,256.000,352.000,66.000,250.000,348.000,66.000, 0.074, 0.064,-4.000,-4.000,-4.000,-4.000,-54.052,-54.052,-94.338,-62.892,-633.432,-139.002,319.929,238.518,106.688,62.559,469.379,-2.209, 2.191, 0.263, 0.061,-6.040,-7.627,-2.14587,128.70120,0.06109,0.06577,0.18360,-108.00000,-0.11900,70.00000,-0.07259,0.00000,1.00000
1719417376.972685,256.000,352.000,66.000,250.000,348.000,66.000,240.000,342.000,66.000, 0.064, 0.060,-6.000,-4.000,-6.000,-4.000,-94.338,-62.892,-167.101,-100.261,-1215.871,-624.429,320.847,239.610,107.640,62.386,470.226,-2.190, 2.188, 0.161,-0.073,-2.515,-5.904,-2.23590,129.63024,-0.07327,0.06715,0.17340,-102.00000,-0.13600,80.00000,-0.07259,0.00000,0.00000
1719417377.038229,250.000,348.000,66.000,240.000,342.000,66.000,232.000,334.000,66.000, 0.060, 0.066,-10.000,-6.000,-10.000,-6.000,-167.101,-100.261,-122.065,-122.065,687.167,-332.692,320.833,239.430,107.488,62.453,470.198,-2.191, 2.186, 0.147, 0.031,-2.108,-5.576,-2.32324,128.76335,0.03109,0.06609,0.15980,-94.00000,-0.14960,88.00000,-0.07259,0.00000,0.00000
1719417377.1041238,240.000,342.000,66.000,232.000,334.000,66.000,226.000,326.000,66.000, 0.066, 0.066,-8.000,-8.000,-8.000,-8.000,-122.065,-122.065,-91.021,-121.361,470.943,10.676,320.937,239.472,107.518,62.498,469.974, 2.251,-2.245,-0.155, 0.032,-2.291,-5.608,-2.40061,127.40487,0.03229,0.06606,0.14620,-86.00000,-0.15980,94.00000,-0.07259,0.00000,0.00000
1719417377.170433,232.000,334.000,66.000,226.000,326.000,66.000,218.000,318.000,67.000, 0.066, 0.066,-6.000,-8.000,-6.000,-8.000,-91.021,-121.361,-120.651,-120.651,-446.859,10.714,321.087,239.928,107.784,62.414,470.942,-2.184, 2.184, 0.134,-0.073,-1.461,-5.544,-2.48875,128.40561,-0.07264,0.06715,0.13260,-78.00000,-0.17340,102.00000,-0.07826,1.00000,0.00000
1719417377.2402759,226.000,326.000,66.000,218.000,318.000,67.000,212.000,310.000,65.000, 0.066, 0.070,-8.000,-8.000,-8.000,-8.000,-120.651,-120.651,-86.219,-114.959,494.778,81.792,320.775,239.652,107.688,62.327,470.302, 2.248,-2.247,-0.164,-0.118,-2.505,-5.828,-2.56652,128.70120,-0.11769,0.06766,0.11900,-70.00000,-0.18360,108.00000,-0.07326,0.00000,0.00000
1719417377.311251,218.000,318.000,67.000,212.000,310.000,65.000,208.000,300.000,64.000, 0.070, 0.071,-6.000,-8.000,-6.000,-8.000,-86.219,-114.959,-56.213,-140.532,421.684,-359.392,320.942,239.651,107.616,62.514,469.346, 2.246,-2.242,-0.148,-0.027,-2.345,-5.214,-2.64978,127.05904,-0.02738,0.06677,0.10200,-60.00000,-0.19040,112.00000,-0.07326,0.00000,0.00000
1719417377.372447,212.000,310.000,65.000,208.000,300.000,64.000,202.000,290.000,66.000, 0.071, 0.061,-4.000,-10.000,-4.000,-10.000,-56.213,-140.532,-97.941,-163.236,-681.154,-370.594,320.738,239.695,107.685,62.345,470.131, 2.246,-2.246,-0.168,-0.133,-2.698,-5.856,-2.74080,128.15615,-0.13254,0.06788,0.08500,-50.00000,-0.20060,118.00000,-0.07326,0.00000,0.00000
1719417377.442006,208.000,300.000,64.000,202.000,290.000,66.000,198.000,282.000,66.000, 0.061, 0.069,-6.000,-10.000,-6.000,-10.000,-97.941,-163.236,-57.568,-115.136,581.053,692.248,320.309,239.715,107.254,62.644,469.040,-2.196, 2.191, 0.142, 0.029,-2.241,-5.181,-2.81004,129.02713,0.02851,0.06626,0.07140,-42.00000,-0.20740,122.00000,-0.07326,0.00000,0.00000
1719417377.5016918,202.000,290.000,66.000,198.000,282.000,66.000,198.000,272.000,64.000, 0.069, 0.060,-4.000,-8.000,-4.000,-8.000,-57.568,-115.136, 0.000,-167.449,963.968,-875.968,320.335,239.633,107.260,62.604,469.265,-2.195, 2.190, 0.134, 0.043,-1.979,-5.022,-2.88508,126.12692,0.04250,0.06610,0.05440,-32.00000,-0.20740,122.00000,-0.07326,0.00000,0.00000
1719417377.5683389,198.000,282.000,66.000,198.000,272.000,64.000,194.000,264.000,67.000, 0.060, 0.067, 0.000,-10.000, 0.000,-10.000, 0.000,-167.449,-59.975,-119.949,-899.236,712.191,320.277,239.866,107.298,62.629,469.398,-2.193, 2.190, 0.115, 0.018,-1.395,-4.618,-2.95337,128.26535,0.01772,0.06634,0.04080,-24.00000,-0.21420,126.00000,-0.07326,0.00000,0.00000
1719417377.6337678,198.000,272.000,64.000,194.000,264.000,67.000,192.000,260.000,65.000, 0.067, 0.065,-4.000,-8.000,-4.000,-8.000,-59.975,-119.949,-30.586,-61.171,449.439,898.878,320.175,240.172,107.308,62.705,469.613,-2.194, 2.191, 0.139,-0.027,-2.113,-5.165,-2.98660,129.55308,-0.02683,0.06680,0.03400,-20.00000,-0.21760,128.00000,-0.07326,0.00000,0.00000
1719417377.695343,194.000,264.000,67.000,192.000,260.000,65.000,192.000,252.000,67.000, 0.065, 0.062,-2.000,-4.000,-2.000,-4.000,-30.586,-61.171, 0.000,-129.843,496.415,-1114.556,320.135,240.121,107.524,62.430,469.909,-2.189, 2.192, 0.132,-0.165,-1.784,-5.126,-3.04812,128.56127,-0.16474,0.06826,0.02040,-12.00000,-0.21760,128.00000,-0.07326,0.00000,0.00000
1719417377.770347,192.000,260.000,65.000,192.000,252.000,67.000,192.000,252.000,66.000, 0.062, 0.075, 0.000,-8.000, 0.000,-8.000, 0.000,-129.843, 0.000, 0.000, 0.000,1733.570,319.981,240.397,107.604,62.411,469.807,-2.188, 2.195, 0.146,-0.267,-2.212,-5.391,-3.04812,128.56127,-0.26677,0.06941,0.02040,-12.00000,-0.21760,128.00000,-0.07326,0.00000,0.00000
1719417377.8359292,192.000,252.000,67.000,192.000,252.000,66.000,194.000,248.000,66.000, 0.075, 0.066, 0.000, 0.000, 0.000, 0.000, 0.000, 0.000,30.502,-61.005,465.194,-930.388,319.837,240.564,107.622,62.411,469.609,-2.188, 2.196, 0.153,-0.327,-2.446,-5.550,-3.07819,126.25371,-0.32675,0.07017,0.01360,-8.00000,-0.21420,126.00000,-0.07326,0.00000,0.00000
1719417377.902244,192.000,252.000,66.000,194.000,248.000,66.000,194.000,246.000,65.000, 0.066, 0.066, 2.000,-4.000, 2.000,-4.000,30.502,-61.005, 0.000,-30.108,-459.185,465.116,319.930,240.973,107.512,62.643,470.879,-2.181, 2.185, 0.170,-0.238,-2.421,-6.480,-3.09401,126.14278,-0.23803,0.06941,0.01020,-6.00000,-0.21420,126.00000,-0.07326,0.00000,0.00000
1719417377.960893,194.000,248.000,66.000,194.000,246.000,65.000,194.000,246.000,66.000, 0.066, 0.059, 0.000,-2.000, 0.000,-2.000, 0.000,-30.108, 0.000, 0.000, 0.000,513.319,320.008,240.652,107.563,62.515,470.652,-2.184, 2.188, 0.153,-0.232,-2.114,-5.886,-3.09401,126.14278,-0.23242,0.06947,0.01020,-6.00000,-0.21420,126.00000,-0.07326,0.00000,0.00000
1719417378.026864,194.000,246.000,65.000,194.000,246.000,66.000,192.000,248.000,65.000, 0.059, 0.066, 0.000, 0.000, 0.000, 0.000, 0.000, 0.000,-30.315,30.315,-459.502,459.502,319.903,240.995,107.515,62.674,470.385,-2.184, 2.188, 0.161,-0.243,-2.357,-6.075,-3.07917,128.24976,-0.24293,0.06969,0.01360,-8.00000,-0.21760,128.00000,-0.07326,0.00000,0.00000
1719417378.100906,194.000,246.000,66.000,192.000,248.000,65.000,192.000,250.000,66.000, 0.066, 0.074,-2.000, 2.000,-2.000, 2.000,-30.315,30.315, 0.000,27.055,410.089,-44.099,319.903,240.995,107.515,62.674,470.385,-2.184, 2.188, 0.161,-0.243,-2.357,-6.075,-3.06363,128.39003,-0.24293,0.06981,0.01700,-10.00000,-0.21760,128.00000,-0.07326,0.00000,0.00000
1719417378.165986,192.000,248.000,65.000,192.000,250.000,66.000,192.000,252.000,66.000, 0.074, 0.065, 0.000, 2.000, 0.000, 2.000, 0.000,27.055, 0.000,30.708, 0.000,56.091,319.914,241.089,107.511,62.716,470.421,-2.183, 2.188, 0.155,-0.232,-2.151,-5.949,-3.04812,128.56127,-0.23164,0.06982,0.02040,-12.00000,-0.21760,128.00000,-0.07326,0.00000,-1.00000
1719417378.2249541,192.000,250.000,66.000,192.000,252.000,66.000,192.000,256.000,66.000, 0.065, 0.059, 0.000, 2.000, 0.000, 2.000, 0.000,30.708, 0.000,67.834, 0.000,629.608,319.773,241.008,107.486,62.677,470.119,-2.186, 2.191, 0.163,-0.263,-2.532,-5.972,-3.01724,128.99612,-0.26256,0.07026,0.02720,-16.00000,-0.21760,128.00000,-0.07326,0.00000,-1.00000
1719417378.294243,192.000,252.000,66.000,192.000,256.000,66.000,194.000,260.000,66.000, 0.059, 0.069, 0.000, 4.000, 0.000, 4.000, 0.000,67.834,28.835,57.671,415.742,-146.535,319.868,241.140,107.460,62.785,470.126,-2.185, 2.188, 0.165,-0.228,-2.492,-6.152,-2.98418,127.57743,-0.22761,0.07002,0.03400,-20.00000,-0.21420,126.00000,-0.07326,0.00000,-1.00000
1719417378.355196,192.000,256.000,66.000,194.000,260.000,66.000,192.000,266.000,67.000, 0.069, 0.061, 2.000, 4.000, 2.000, 4.000,28.835,57.671,-32.811,98.434,-1011.350,668.736,319.865,241.053,107.484,62.703,470.580,-2.183, 2.187, 0.162,-0.232,-2.340,-6.142,-2.94119,130.61393,-0.23191,0.07018,0.04420,-26.00000,-0.21760,128.00000,-0.07326,0.00000,-1.00000
1719417378.434668,194.000,260.000,66.000,192.000,266.000,67.000,196.000,274.000,66.000, 0.061, 0.079,-2.000, 6.000,-2.000, 6.000,-32.811,98.434,50.366,100.733,1047.336,28.948,319.888,241.068,107.488,62.720,470.439,-2.184, 2.187, 0.165,-0.234,-2.418,-6.200,-2.87398,128.57683,-0.23372,0.07031,0.05780,-34.00000,-0.21080,124.00000,-0.07326,0.00000,-1.00000
1719417378.493144,192.000,266.000,67.000,196.000,274.000,66.000,198.000,284.000,66.000, 0.079, 0.059, 4.000, 8.000, 4.000, 8.000,50.366,100.733,34.171,170.853,-276.708,1198.028,319.983,240.858,107.514,62.634,470.756,-2.184, 2.187, 0.157,-0.211,-2.206,-6.037,-2.79546,129.69194,-0.21140,0.07020,0.07480,-44.00000,-0.20740,122.00000,-0.07326,0.00000,0.00000
1719417378.562659,196.000,274.000,66.000,198.000,284.000,66.000,202.000,296.000,67.000, 0.059, 0.069, 2.000,10.000, 2.000,10.000,34.171,170.853,57.558,172.674,336.536,26.209,320.185,241.133,107.666,62.583,472.161,-2.176, 2.181, 0.163,-0.243,-1.963,-6.599,-2.69849,130.61393,-0.24279,0.07063,0.09520,-56.00000,-0.20060,118.00000,-0.07326,0.00000,-1.00000
1719417378.6228218,198.000,284.000,66.000,202.000,296.000,67.000,208.000,308.000,66.000, 0.069, 0.060, 4.000,12.000, 4.000,12.000,57.558,172.674,99.762,199.524,701.730,446.438,320.023,240.896,107.549,62.630,470.851,-2.183, 2.187, 0.160,-0.224,-2.284,-6.112,-2.59594,131.02671,-0.22382,0.07055,0.11560,-68.00000,-0.19040,112.00000,-0.07326,0.00000,0.00000
1719417378.6868842,202.000,296.000,67.000,208.000,308.000,66.000,214.000,318.000,67.000, 0.060, 0.064, 6.000,12.000, 6.000,12.000,99.762,199.524,93.742,156.237,-94.051,-676.306,320.174,241.013,107.538,62.671,471.900,-2.178, 2.180, 0.155,-0.163,-1.808,-6.349,-2.50721,131.60547,-0.16258,0.07002,0.13260,-78.00000,-0.18020,106.00000,-0.07326,0.00000,-1.00000
1719417378.750177,208.000,308.000,66.000,214.000,318.000,67.000,224.000,326.000,66.000, 0.064, 0.063, 6.000,10.000, 6.000,10.000,93.742,156.237,157.898,126.319,1013.013,-472.412,319.984,240.886,107.486,62.640,471.560,-2.182, 2.184, 0.174,-0.197,-2.541,-6.556,-2.41108,128.88755,-0.19695,0.07046,0.14620,-86.00000,-0.16320,96.00000,-0.07326,0.00000,0.00000
1719417378.827476,214.000,318.000,67.000,224.000,326.000,66.000,232.000,336.000,66.000, 0.063, 0.077,10.000, 8.000,10.000, 8.000,157.898,126.319,103.421,129.276,-704.266,38.228,320.246,240.751,107.686,62.436,472.038,-2.176, 2.181, 0.169,-0.246,-2.128,-6.720,-2.31274,130.23056,-0.24576,0.07108,0.16320,-96.00000,-0.14960,88.00000,-0.07326,0.00000,0.00000
1719417378.8919911,224.000,326.000,66.000,232.000,336.000,66.000,242.000,344.000,66.000, 0.077, 0.064, 8.000,10.000, 8.000,10.000,103.421,129.276,155.332,124.266,806.347,-77.826,320.018,239.250,106.906,62.702,468.786,-2.204, 2.192, 0.200, 0.085,-4.126,-6.309,-2.21430,130.00000,0.08548,0.06772,0.17680,-104.00000,-0.13260,78.00000,-0.07326,0.00000,0.00000
1719417378.955456,232.000,336.000,66.000,242.000,344.000,66.000,252.000,350.000,66.000, 0.064, 0.064,10.000, 8.000,10.000, 8.000,155.332,124.266,157.305,94.383,31.039,-470.067,320.081,238.647,106.828,62.422,472.538,-2.194, 2.173, 0.328,-0.091,-7.128,-10.058,-2.12448,129.32131,-0.09081,0.06953,0.18700,-110.00000,-0.11560,68.00000,-0.07326,0.00000,1.00000
1719417379.0177002,242.000,344.000,66.000,252.000,350.000,66.000,258.000,356.000,66.000, 0.064, 0.062,10.000, 6.000,10.000, 6.000,157.305,94.383,96.489,96.489,-978.013,33.870,319.902,238.421,106.696,62.476,470.174,-2.206, 2.188, 0.281, 0.016,-6.441,-8.214,-2.06165,131.52946,0.01585,0.06845,0.19720,-116.00000,-0.10540,62.00000,-0.07326,0.00000,1.00000
1719417379.09422,252.000,350.000,66.000,258.000,356.000,66.000,266.000,358.000,66.000, 0.062, 0.077, 6.000, 6.000, 6.000, 6.000,96.489,96.489,104.424,26.106,103.568,-918.709,319.799,238.342,106.605,62.511,469.469,-2.209, 2.190, 0.255, 0.102,-5.801,-7.481,-1.99997,129.76903,0.10210,0.06754,0.20060,-118.00000,-0.09180,54.00000,-0.07326,0.00000,1.00000
1719417379.159841,258.000,356.000,66.000,266.000,358.000,66.000,270.000,362.000,67.000, 0.077, 0.066, 8.000, 2.000, 8.000, 2.000,104.424,26.106,61.029,61.029,-662.083,532.823,320.220,238.063,107.045,62.043,472.334,-2.196, 2.180, 0.347,-0.278,-7.921,-10.232,-1.95975,131.84840,-0.27825,0.07148,0.20740,-122.00000,-0.08500,50.00000,-0.07326,0.00000,1.00000
1719417379.2256389,266.000,358.000,66.000,270.000,362.000,67.000,268.000,360.000,67.000, 0.066, 0.066, 4.000, 4.000, 4.000, 4.000,61.029,61.029,-30.360,-30.360,-1387.258,-1387.258,319.799,238.342,106.605,62.511,469.469,-2.209, 2.190, 0.255, 0.102,-5.801,-7.481,-1.97970,130.78226,0.10210,0.06763,0.20400,-120.00000,-0.08840,52.00000,-0.07326,0.00000,1.00000
1719417379.285297,270.000,362.000,67.000,268.000,360.000,67.000,268.000,360.000,66.000, 0.066, 0.060,-2.000,-2.000,-2.000,-2.000,-30.360,-30.360, 0.000, 0.000,508.878,508.878,319.826,238.566,106.521,62.773,466.723,-2.218, 2.200, 0.194, 0.241,-4.569,-5.463,-1.97970,130.78226,0.24150,0.06611,0.20400,-120.00000,-0.08840,52.00000,-0.07326,0.00000,1.00000
1719417379.348715,268.000,360.000,67.000,268.000,360.000,66.000,264.000,356.000,65.000, 0.060, 0.063, 0.000, 0.000, 0.000, 0.000, 0.000, 0.000,-63.248,-63.248,-1000.084,-1000.084,319.535,238.223,106.079,62.964,464.801,-2.231, 2.207, 0.180, 0.424,-4.729,-4.554,-2.02056,128.80994,0.42361,0.06408,0.19720,-116.00000,-0.09520,56.00000,-0.07326,0.00000,1.00000
1719417379.414619,268.000,360.000,66.000,264.000,356.000,65.000,258.000,354.000,66.000, 0.063, 0.066,-4.000,-4.000,-4.000,-4.000,-63.248,-63.248,-90.826,-30.275,-417.472,499.132,320.137,238.137,106.884,62.230,471.399,-2.201, 2.183, 0.316,-0.115,-7.206,-9.266,-2.06891,129.76903,-0.11528,0.06953,0.19380,-114.00000,-0.10540,62.00000,-0.07326,0.00000,1.00000
1719417379.478163,264.000,356.000,65.000,258.000,354.000,66.000,250.000,348.000,65.000, 0.066, 0.063,-6.000,-2.000,-6.000,-2.000,-90.826,-30.275,-126.004,-94.503,-554.060,-1011.611,319.986,238.147,106.732,62.335,470.992,-2.204, 2.184, 0.318,-0.084,-7.393,-9.195,-2.14587,128.70120,-0.08376,0.06925,0.18360,-108.00000,-0.11900,70.00000,-0.07326,0.00000,1.00000
1719417379.54528,258.000,354.000,66.000,250.000,348.000,65.000,242.000,342.000,66.000, 0.063, 0.067,-8.000,-6.000,-8.000,-6.000,-126.004,-94.503,-119.092,-89.319,102.891,77.168,319.986,238.147,106.732,62.335,470.992,-2.204, 2.184, 0.318,-0.084,-7.393,-9.195,-2.22364,128.40561,-0.08376,0.06930,0.17340,-102.00000,-0.13260,78.00000,-0.07326,0.00000,1.00000
1719417379.622863,250.000,348.000,65.000,242.000,342.000,66.000,234.000,334.000,65.000, 0.067, 0.078,-8.000,-6.000,-8.000,-6.000,-119.092,-89.319,-103.187,-103.187,205.147,-178.878,320.870,239.374,107.472,62.475,470.025, 2.251,-2.245,-0.148, 0.053,-2.121,-5.406,-2.31178,127.40487,0.05252,0.06791,0.15980,-94.00000,-0.14620,86.00000,-0.07326,0.00000,0.00000
1719417379.678489,242.000,342.000,66.000,234.000,334.000,65.000,224.000,326.000,66.000, 0.078, 0.056,-8.000,-8.000,-8.000,-8.000,-103.187,-103.187,-179.545,-143.636,-1370.973,-726.243,320.805,239.507,107.570,62.370,470.645,-2.189, 2.186, 0.144,-0.019,-1.955,-5.599,-2.41108,128.88755,-0.01860,0.06863,0.14620,-86.00000,-0.16320,96.00000,-0.07326,0.00000,0.00000
1719417379.745562,234.000,334.000,65.000,224.000,326.000,66.000,218.000,316.000,65.000, 0.056, 0.067,-10.000,-8.000,-10.000,-8.000,-179.545,-143.636,-89.488,-149.147,1343.175,-82.195,320.840,239.785,107.578,62.443,471.527,-2.185, 2.182, 0.141,-0.000,-1.663,-5.722,-2.50124,127.20063,-0.00018,0.06844,0.12920,-76.00000,-0.17340,102.00000,-0.07326,0.00000,0.00000
1719417379.809112,224.000,326.000,66.000,218.000,316.000,65.000,214.000,312.000,65.000, 0.067, 0.064,-6.000,-10.000,-6.000,-10.000,-89.488,-149.147,-62.924,-62.924,417.887,1356.376,320.808,239.832,107.543,62.453,471.583,-2.182, 2.179, 0.142, 0.005,-1.496,-5.951,-2.54493,128.14055,0.00538,0.06839,0.12240,-72.00000,-0.18020,106.00000,-0.07326,0.00000,0.00000
1719417379.8742242,218.000,316.000,65.000,214.000,312.000,65.000,206.000,300.000,68.000, 0.064, 0.065,-4.000,-4.000,-4.000,-4.000,-62.924,-62.924,-122.998,-184.497,-923.624,-1869.154,320.941,239.453,107.506,62.520,469.775,-2.195, 2.190, 0.136, 0.056,-2.008,-5.087,-2.65711,128.82546,0.05571,0.06785,0.10200,-60.00000,-0.19380,114.00000,-0.07326,0.00000,0.00000
1719417379.9411159,214.000,312.000,65.000,206.000,300.000,68.000,202.000,292.000,66.000, 0.065, 0.067,-8.000,-12.000,-8.000,-12.000,-122.998,-184.497,-59.742,-119.484,944.758,970.996,320.880,239.741,107.569,62.433,471.685,-2.184, 2.181, 0.136, 0.019,-1.445,-5.681,-2.72652,128.94960,0.01889,0.06821,0.08840,-52.00000,-0.20060,118.00000,-0.07326,0.00000,0.00000
1719417380.014016,206.000,300.000,68.000,202.000,292.000,66.000,198.000,280.000,66.000, 0.067, 0.073,-4.000,-8.000,-4.000,-8.000,-59.742,-119.484,-54.903,-164.709,66.421,-620.744,320.556,239.669,107.224,62.740,469.460,-2.197, 2.189, 0.133, 0.127,-1.941,-4.998,-2.82477,128.39003,0.12717,0.06707,0.06800,-40.00000,-0.20740,122.00000,-0.07326,0.00000,0.00000
1719417380.077186,202.000,292.000,66.000,198.000,280.000,66.000,196.000,270.000,66.000, 0.073, 0.063,-4.000,-12.000,-4.000,-12.000,-54.903,-164.709,-31.633,-158.165,368.050,103.502,320.165,239.701,106.965,62.850,469.306,-2.197, 2.186, 0.142, 0.174,-2.151,-5.283,-2.90422,127.57743,0.17379,0.06651,0.05100,-30.00000,-0.21080,124.00000,-0.07326,0.00000,0.00000
1719417380.1405241,198.000,280.000,66.000,196.000,270.000,66.000,194.000,262.000,65.000, 0.063, 0.063,-2.000,-10.000,-2.000,-10.000,-31.633,-158.165,-31.581,-126.324, 0.820,502.783,319.958,239.906,106.986,62.807,469.816,-2.194, 2.186, 0.157, 0.099,-2.463,-5.762,-2.96873,127.90622,0.09920,0.06721,0.03740,-22.00000,-0.21420,126.00000,-0.07326,0.00000,0.00000
1719417380.207634,196.000,270.000,66.000,194.000,262.000,65.000,192.000,254.000,66.000, 0.063, 0.067,-2.000,-8.000,-2.000,-8.000,-31.581,-126.324,-29.804,-119.218,26.476,105.906,320.134,240.122,107.286,62.635,470.422,-2.188, 2.185, 0.151,-0.028,-2.112,-5.780,-3.03265,128.76335,-0.02786,0.06849,0.02380,-14.00000,-0.21760,128.00000,-0.07326,0.00000,0.00000
1719417380.270058,194.000,262.000,65.000,192.000,254.000,66.000,192.000,250.000,66.000, 0.067, 0.062,-2.000,-8.000,-2.000,-8.000,-29.804,-119.218, 0.000,-64.063,477.337,883.346,319.982,240.022,107.264,62.619,469.197,-2.194, 2.192, 0.136,-0.055,-2.046,-5.065,-3.06363,128.39003,-0.05495,0.06879,0.01700,-10.00000,-0.21760,128.00000,-0.07326,0.00000,0.00000
1719417380.3362482,192.000,254.000,66.000,192.000,250.000,66.000,192.000,242.000,66.000, 0.062, 0.066, 0.000,-4.000, 0.000,-4.000, 0.000,-64.063, 0.000,-120.975, 0.000,-860.629,320.181,240.758,107.507,62.648,471.060,-2.181, 2.183, 0.154,-0.152,-1.935,-6.124,-3.12597,128.01562,-0.15161,0.06984,0.00340,-2.00000,-0.21760,128.00000,-0.07326,0.00000,0.00000
1719417380.411018,192.000,250.000,66.000,192.000,242.000,66.000,190.000,242.000,66.000, 0.066, 0.075, 0.000,-8.000, 0.000,-8.000, 0.000,-120.975,-26.727, 0.000,-357.175,1616.672,319.952,240.866,107.475,62.660,470.724,-2.183, 2.186, 0.170,-0.210,-2.495,-6.395,-3.12621,130.01538,-0.21006,0.07052,0.00340,-2.00000,-0.22100,130.00000,-0.07326,0.00000,0.00000
1719417380.474808,192.000,242.000,66.000,190.000,242.000,66.000,192.000,238.000,66.000, 0.075, 0.064,-2.000, 0.000,-2.000, 0.000,-26.727, 0.000,31.386,-62.773,911.990,-985.105,319.829,240.911,107.335,62.820,469.775,-2.188, 2.189, 0.160,-0.158,-2.475,-5.911,3.12597,128.01562,-0.15824,0.07009,-0.00340,2.00000,-0.21760,128.00000,-0.07326,0.00000,0.00000
1719417380.544348,190.000,242.000,66.000,192.000,238.000,66.000,192.000,240.000,66.000, 0.064, 0.070, 2.000,-4.000, 2.000,-4.000,31.386,-62.773, 0.000,28.736,-450.961,1314.803,319.831,241.053,107.334,62.835,470.665,-2.185, 2.185, 0.168,-0.151,-2.468,-6.307,3.14159,128.00000,-0.15133,0.07009,-0.00000,0.00000,-0.21760,128.00000,-0.07326,0.00000,-1.00000
1719417380.604328,192.000,238.000,66.000,192.000,240.000,66.000,192.000,240.000,66.000, 0.070, 0.060, 0.000, 2.000, 0.000, 2.000, 0.000,28.736, 0.000, 0.000, 0.000,-479.284,319.920,241.488,107.413,62.902,471.382,-2.178, 2.179, 0.174,-0.179,-2.294,-6.844,3.14159,128.00000,-0.17949,0.07046,-0.00000,0.00000,-0.21760,128.00000,-0.07326,0.00000,-1.00000
1719417380.6688168,192.000,240.000,66.000,192.000,240.000,66.000,194.000,244.000,66.000, 0.060, 0.064, 0.000, 0.000, 0.000, 0.000, 0.000, 0.000,31.053,62.106,482.146,964.292,319.761,241.268,107.340,62.883,470.696,-2.183, 2.184, 0.179,-0.188,-2.746,-6.657,-3.10986,126.06348,-0.18831,0.07065,0.00680,-4.00000,-0.21420,126.00000,-0.07326,0.00000,-1.00000
1719417380.7336352,192.000,240.000,66.000,194.000,244.000,66.000,192.000,250.000,66.000, 0.064, 0.065, 2.000, 4.000, 2.000, 4.000,31.053,62.106,-30.810,92.430,-953.000,467.140,319.901,241.363,107.447,62.830,471.256,-2.179, 2.182, 0.173,-0.204,-2.368,-6.692,-3.06363,128.39003,-0.20370,0.07090,0.01700,-10.00000,-0.21760,128.00000,-0.07326,0.00000,-1.00000
1719417380.8085701,194.000,244.000,66.000,192.000,250.000,66.000,192.000,254.000,67.000, 0.065, 0.075,-2.000, 6.000,-2.000, 6.000,-30.810,92.430, 0.000,53.366,411.052,-521.172,319.693,241.035,107.350,62.778,470.353,-2.186, 2.188, 0.171,-0.205,-2.683,-6.246,-3.03265,128.76335,-0.20496,0.07102,0.02380,-14.00000,-0.21760,128.00000,-0.07326,0.00000,-1.00000
1719417380.871274,192.000,250.000,66.000,192.000,254.000,67.000,192.000,262.000,67.000, 0.075, 0.063, 0.000, 4.000, 0.000, 4.000, 0.000,53.366, 0.000,127.715, 0.000,1186.922,319.797,241.214,107.375,62.851,470.522,-2.184, 2.186, 0.173,-0.195,-2.604,-6.442,-2.97138,129.87686,-0.19490,0.07101,0.03740,-22.00000,-0.21760,128.00000,-0.07326,0.00000,-1.00000
1719417380.9349482,192.000,254.000,67.000,192.000,262.000,67.000,194.000,274.000,66.000, 0.063, 0.064, 0.000, 8.000, 0.000, 8.000, 0.000,127.715,31.378,188.267,492.284,950.001,319.731,241.195,107.350,62.815,471.063,-2.182, 2.184, 0.173,-0.188,-2.535,-6.539,-2.87803,130.50670,-0.18760,0.07103,0.05780,-34.00000,-0.21420,126.00000,-0.07326,0.00000,-1.00000
1719417380.996781,192.000,262.000,67.000,194.000,274.000,66.000,198.000,282.000,66.000, 0.064, 0.062, 2.000,12.000, 2.000,12.000,31.378,188.267,64.802,129.603,541.480,-950.374,319.677,241.178,107.197,62.969,470.537,-2.186, 2.185, 0.176,-0.118,-2.741,-6.477,-2.81004,129.02713,-0.11768,0.07039,0.07140,-42.00000,-0.20740,122.00000,-0.07326,0.00000,-1.00000
1719417381.067629,194.000,274.000,66.000,198.000,282.000,66.000,202.000,296.000,66.000, 0.062, 0.071, 4.000, 8.000, 4.000, 8.000,64.802,129.603,56.389,197.360,-118.599,955.184,319.993,241.172,107.474,62.743,471.782,-2.179, 2.181, 0.177,-0.191,-2.462,-6.837,-2.69849,130.61393,-0.19114,0.07122,0.09520,-56.00000,-0.20060,118.00000,-0.07326,0.00000,-1.00000
1719417381.1288252,198.000,282.000,66.000,202.000,296.000,66.000,208.000,308.000,66.000, 0.071, 0.061, 4.000,14.000, 4.000,14.000,56.389,197.360,98.079,196.158,681.493,-19.652,320.111,241.203,107.512,62.732,472.202,-2.177, 2.179, 0.162,-0.164,-1.911,-6.584,-2.59594,131.02671,-0.16393,0.07103,0.11560,-68.00000,-0.19040,112.00000,-0.07326,0.00000,-1.00000
1719417381.201345,202.000,296.000,66.000,208.000,308.000,66.000,216.000,320.000,67.000, 0.061, 0.072, 6.000,12.000, 6.000,12.000,98.079,196.158,110.362,165.543,169.444,-422.346,320.007,240.929,107.557,62.605,471.394,-2.182, 2.185, 0.180,-0.246,-2.732,-6.707,-2.48590,131.20976,-0.24598,0.07198,0.13600,-80.00000,-0.17680,104.00000,-0.07326,0.00000,0.00000
1719417381.266624,208.000,308.000,66.000,216.000,320.000,67.000,228.000,330.000,67.000, 0.072, 0.065, 8.000,12.000, 8.000,12.000,110.362,165.543,183.770,153.142,1124.183,-189.914,320.292,240.963,107.726,62.514,472.053,-2.177, 2.181, 0.178,-0.267,-2.450,-6.917,-2.36718,128.70120,-0.26714,0.07232,0.15300,-90.00000,-0.15640,92.00000,-0.07326,0.00000,0.00000
1719417381.327343,216.000,320.000,67.000,228.000,330.000,67.000,236.000,340.000,65.000, 0.065, 0.061,12.000,10.000,12.000,10.000,183.770,153.142,131.638,164.547,-857.822,187.673,320.370,240.745,107.715,62.478,471.914,-2.178, 2.182, 0.168,-0.231,-2.238,-6.600,-2.26946,130.59862,-0.23099,0.07208,0.17000,-100.00000,-0.14280,84.00000,-0.07326,0.00000,0.00000
1719417381.3957188,228.000,330.000,67.000,236.000,340.000,65.000,246.000,348.000,65.000, 0.061, 0.068, 8.000,10.000, 8.000,10.000,131.638,164.547,146.378,117.102,215.769,-694.484,319.300,239.700,106.957,62.499,470.040,-2.195, 2.190, 0.251,-0.216,-5.304,-7.802,-2.17151,130.91982,-0.21591,0.07203,0.18360,-108.00000,-0.12580,74.00000,-0.07326,0.00000,0.00000
1719417381.4680269,236.000,340.000,65.000,246.000,348.000,65.000,258.000,354.000,65.000, 0.068, 0.072,10.000, 8.000,10.000, 8.000,146.378,117.102,165.916,82.958,270.139,-472.093,320.035,238.274,107.305,61.717,473.765,-2.183, 2.172, 0.353,-0.445,-7.516,-11.013,-2.06891,129.76903,-0.44507,0.07455,0.19380,-114.00000,-0.10540,62.00000,-0.07326,0.00000,1.00000
1719417381.532335,246.000,348.000,65.000,258.000,354.000,65.000,266.000,360.000,66.000, 0.072, 0.064,12.000, 6.000,12.000, 6.000,165.916,82.958,124.333,93.250,-646.267,159.953,319.654,238.597,106.588,62.560,469.929,-2.206, 2.188, 0.266, 0.058,-5.976,-7.896,-1.99365,131.59027,0.05808,0.06949,0.20400,-120.00000,-0.09180,54.00000,-0.07326,0.00000,1.00000
1719417381.600332,258.000,354.000,65.000,266.000,360.000,66.000,272.000,362.000,67.000, 0.064, 0.068, 8.000, 6.000, 8.000, 6.000,124.333,93.250,88.231,29.410,-530.885,-938.775,320.103,237.729,107.399,61.340,475.372,-2.176, 2.165, 0.372,-0.502,-7.734,-11.818,-1.94564,131.10301,-0.50179,0.07534,0.20740,-122.00000,-0.08160,48.00000,-0.07326,0.00000,2.00000
1719417381.656368,266.000,360.000,66.000,272.000,362.000,67.000,276.000,364.000,66.000, 0.068, 0.056, 6.000, 2.000, 6.000, 2.000,88.231,29.410,71.497,35.749,-299.111,113.291,319.623,238.714,106.377,62.948,464.325, 2.230,-2.213,-0.159, 0.295,-3.925,-4.251,-1.91178,131.57507,0.29482,0.06722,0.21080,-124.00000,-0.07480,44.00000,-0.07326,0.00000,1.00000
1719417381.723283,272.000,362.000,67.000,276.000,364.000,66.000,278.000,364.000,65.000, 0.056, 0.067, 4.000, 2.000, 4.000, 2.000,71.497,35.749,29.851, 0.000,-621.592,-533.563,319.626,238.486,106.216,62.997,464.625, 2.231,-2.210,-0.138, 0.436,-3.488,-3.641,-1.89738,130.91982,0.43600,0.06559,0.21080,-124.00000,-0.07140,42.00000,-0.07326,0.00000,1.00000
1719417381.785482,276.000,364.000,66.000,278.000,364.000,65.000,278.000,364.000,65.000, 0.067, 0.062, 2.000, 0.000, 2.000, 0.000,29.851, 0.000, 0.000, 0.000,-479.894, 0.000,319.811,238.465,106.334,62.954,464.738, 2.233,-2.213,-0.133, 0.420,-3.222,-3.629,-1.89738,130.91982,0.42003,0.06554,0.21080,-124.00000,-0.07140,42.00000,-0.07326,0.00000,1.00000
1719417381.864383,278.000,364.000,65.000,278.000,364.000,65.000,276.000,364.000,66.000, 0.062, 0.079, 0.000, 0.000, 0.000, 0.000, 0.000, 0.000,-25.352, 0.000,-321.365, 0.000,319.501,238.754,106.258,63.012,465.319, 2.234,-2.215,-0.150, 0.373,-3.541,-4.162,-1.91178,131.57507,0.37294,0.06583,0.21080,-124.00000,-0.07480,44.00000,-0.07326,0.00000,1.00000
1719417381.925442,278.000,364.000,65.000,276.000,364.000,66.000,272.000,362.000,66.000, 0.079, 0.061,-2.000, 0.000,-2.000, 0.000,-25.352, 0.000,-65.500,-32.750,-657.413,-536.276,319.531,238.593,106.145,63.079,463.905, 2.229,-2.207,-0.144, 0.431,-3.799,-3.633,-1.94564,131.10301,0.43128,0.06503,0.20740,-122.00000,-0.08160,48.00000,-0.07326,0.00000,1.00000
1719417381.9983082,276.000,364.000,66.000,272.000,362.000,66.000,266.000,358.000,65.000, 0.061, 0.073,-4.000,-2.000,-4.000,-2.000,-65.500,-32.750,-82.341,-54.894,-231.115,-303.890,319.671,238.629,106.641,62.530,469.909,-2.207, 2.190, 0.282,-0.022,-6.531,-8.173,-1.99997,129.76903,-0.02183,0.06957,0.20060,-118.00000,-0.09180,54.00000,-0.07326,0.00000,1.00000
1719417382.057524,272.000,362.000,66.000,266.000,358.000,65.000,258.000,354.000,65.000, 0.073, 0.059,-6.000,-4.000,-6.000,-4.000,-82.341,-54.894,-135.112,-67.556,-891.261,-213.855,319.868,238.296,106.877,62.213,470.722,-2.200, 2.185, 0.326,-0.233,-7.524,-9.456,-2.06891,129.76903,-0.23329,0.07180,0.19380,-114.00000,-0.10540,62.00000,-0.07326,0.00000,1.00000
1719417382.1191192,266.000,358.000,65.000,258.000,354.000,65.000,248.000,348.000,65.000, 0.059, 0.062,-8.000,-4.000,-8.000,-4.000,-135.112,-67.556,-162.451,-97.471,-444.120,-485.963,319.671,238.629,106.641,62.530,469.909,-2.207, 2.190, 0.282,-0.022,-6.531,-8.173,-2.15880,129.79985,-0.02183,0.06970,0.18360,-108.00000,-0.12240,72.00000,-0.07326,0.00000,1.00000
1719417382.187478,258.000,354.000,65.000,248.000,348.000,65.000,238.000,340.000,65.000, 0.062, 0.068,-10.000,-6.000,-10.000,-6.000,-162.451,-97.471,-146.188,-116.951,237.740,-284.777,320.642,239.578,107.545,62.350,470.623,-2.187, 2.185, 0.150,-0.054,-2.046,-5.815,-2.25761,129.32131,-0.05357,0.07004,0.17000,-100.00000,-0.13940,82.00000,-0.07326,0.00000,0.00000
1719417382.250452,248.000,348.000,65.000,238.000,340.000,65.000,228.000,330.000,65.000, 0.068, 0.063,-10.000,-8.000,-10.000,-8.000,-146.188,-116.951,-158.796,-158.796,-200.201,-664.482,320.750,239.766,107.542,62.376,471.897,-2.180, 2.177, 0.141,-0.006,-1.361,-6.032,-2.36718,128.70120,-0.00641,0.06957,0.15300,-90.00000,-0.15640,92.00000,-0.07326,0.00000,0.00000
1719417382.326367,238.000,340.000,65.000,228.000,330.000,65.000,216.000,318.000,68.000, 0.063, 0.076,-10.000,-10.000,-10.000,-10.000,-158.796,-158.796,-158.240,-158.240, 7.325, 7.325,320.775,239.682,107.649,62.289,471.368,-2.182, 2.182, 0.141,-0.070,-1.551,-5.844,-2.49809,130.00000,-0.06986,0.07024,0.13260,-78.00000,-0.17680,104.00000,-0.07326,0.00000,0.00000
1719417382.389142,228.000,330.000,65.000,216.000,318.000,68.000,210.000,308.000,66.000, 0.076, 0.063,-12.000,-12.000,-12.000,-12.000,-158.240,-158.240,-95.461,-159.102,998.829,-13.706,320.744,239.873,107.616,62.351,471.953,-2.180, 2.179, 0.145,-0.053,-1.515,-6.079,-2.58791,129.32131,-0.05331,0.07010,0.11560,-68.00000,-0.18700,110.00000,-0.07326,0.00000,0.00000
1719417382.448629,216.000,318.000,68.000,210.000,308.000,66.000,206.000,296.000,64.000, 0.063, 0.059,-6.000,-10.000,-6.000,-10.000,-95.461,-159.102,-67.239,-201.718,474.403,-716.371,320.847,239.704,107.673,62.302,471.485,-2.182, 2.182, 0.138,-0.061,-1.475,-5.748,-2.68499,127.01181,-0.06116,0.07021,0.09520,-56.00000,-0.19380,114.00000,-0.07326,0.00000,0.00000
1719417382.5160608,210.000,308.000,66.000,206.000,296.000,64.000,198.000,282.000,66.000, 0.059, 0.067,-4.000,-12.000,-4.000,-12.000,-67.239,-201.718,-118.640,-207.620,-762.269,-87.524,320.265,239.502,107.158,62.629,469.185,-2.197, 2.190, 0.136, 0.086,-2.090,-5.006,-2.81004,129.02713,0.08642,0.06869,0.07140,-42.00000,-0.20740,122.00000,-0.07326,0.00000,0.00000
1719417382.5895958,206.000,296.000,64.000,198.000,282.000,66.000,196.000,272.000,65.000, 0.067, 0.073,-8.000,-14.000,-8.000,-14.000,-118.640,-207.620,-27.228,-136.141,1244.488,973.118,320.224,239.530,107.166,62.605,469.404,-2.196, 2.189, 0.144, 0.065,-2.248,-5.279,-2.88904,128.06248,0.06538,0.06887,0.05440,-32.00000,-0.21080,124.00000,-0.07326,0.00000,0.00000
1719417382.650045,198.000,282.000,66.000,196.000,272.000,65.000,192.000,260.000,66.000, 0.073, 0.061,-2.000,-10.000,-2.000,-10.000,-27.228,-136.141,-66.083,-198.249,-641.910,-1026.068,319.926,239.760,106.949,62.821,468.762,-2.199, 2.191, 0.140, 0.118,-2.261,-5.025,-2.98660,129.55308,0.11829,0.06828,0.03400,-20.00000,-0.21760,128.00000,-0.07326,0.00000,0.00000
1719417382.7148259,196.000,272.000,65.000,192.000,260.000,66.000,192.000,250.000,66.000, 0.061, 0.065,-4.000,-12.000,-4.000,-12.000,-66.083,-198.249, 0.000,-154.476,1020.820,676.193,320.145,240.101,107.217,62.746,469.486,-2.193, 2.189, 0.130, 0.024,-1.743,-5.041,-3.06363,128.39003,0.02359,0.06922,0.01700,-10.00000,-0.21760,128.00000,-0.07326,0.00000,0.00000
1719417382.779444,192.000,260.000,66.000,192.000,250.000,66.000,192.000,242.000,66.000, 0.065, 0.065, 0.000,-10.000, 0.000,-10.000, 0.000,-154.476, 0.000,-123.835, 0.000,474.292,320.330,240.470,107.523,62.561,471.291,-2.181, 2.182, 0.140,-0.108,-1.521,-5.817,-3.12597,128.01562,-0.10841,0.07059,0.00340,-2.00000,-0.21760,128.00000,-0.07326,0.00000,0.00000
1719417382.855537,192.000,250.000,66.000,192.000,242.000,66.000,192.000,236.000,66.000, 0.065, 0.076, 0.000,-8.000, 0.000,-8.000, 0.000,-123.835, 0.000,-78.787, 0.000,591.539,320.008,240.652,107.563,62.515,470.652,-2.184, 2.188, 0.153,-0.232,-2.114,-5.886,3.11035,128.06248,-0.23242,0.07195,-0.00680,4.00000,-0.21760,128.00000,-0.07326,0.00000,0.00000
1719417382.915096,192.000,242.000,66.000,192.000,236.000,66.000,192.000,228.000,67.000, 0.076, 0.060, 0.000,-6.000, 0.000,-6.000, 0.000,-78.787, 0.000,-134.332, 0.000,-932.692,319.961,240.928,107.431,62.784,469.688,-2.187, 2.189, 0.161,-0.188,-2.455,-5.970,3.04812,128.56127,-0.18766,0.07160,-0.02040,12.00000,-0.21760,128.00000,-0.07326,0.00000,0.00000
1719417382.980025,192.000,236.000,66.000,192.000,228.000,67.000,192.000,224.000,66.000, 0.060, 0.065, 0.000,-8.000, 0.000,-8.000, 0.000,-134.332, 0.000,-61.646, 0.000,1120.204,319.724,241.104,107.215,62.957,470.176,-2.187, 2.186, 0.173,-0.119,-2.721,-6.343,3.01724,128.99612,-0.11935,0.07097,-0.02720,16.00000,-0.21760,128.00000,-0.07326,0.00000,-1.00000
1719417383.0475252,192.000,228.000,67.000,192.000,224.000,66.000,192.000,220.000,67.000, 0.065, 0.068, 0.000,-4.000, 0.000,-4.000, 0.000,-61.646, 0.000,-59.229, 0.000,35.790,319.754,241.418,107.308,62.973,470.638,-2.183, 2.183, 0.182,-0.174,-2.772,-6.747,2.98660,129.55308,-0.17434,0.07161,-0.03400,20.00000,-0.21760,128.00000,-0.07326,0.00000,-1.00000
1719417383.108779,192.000,224.000,66.000,192.000,220.000,67.000,194.000,218.000,67.000, 0.068, 0.061, 0.000,-4.000, 0.000,-4.000, 0.000,-59.229,32.660,-32.660,533.336,433.879,319.943,241.407,107.478,62.817,471.439,-2.178, 2.181, 0.170,-0.208,-2.209,-6.695,2.96873,127.90622,-0.20751,0.07204,-0.03740,22.00000,-0.21420,126.00000,-0.07326,0.00000,-1.00000
1719417383.184551,192.000,220.000,67.000,194.000,218.000,67.000,194.000,220.000,66.000, 0.061, 0.076, 2.000,-2.000, 2.000,-2.000,32.660,-32.660, 0.000,26.384,-430.858,778.929,319.742,241.589,107.255,63.123,470.003,-2.185, 2.185, 0.173,-0.145,-2.654,-6.421,2.98418,127.57743,-0.14518,0.07149,-0.03400,20.00000,-0.21420,126.00000,-0.07326,0.00000,-1.00000
1719417383.250803,194.000,218.000,67.000,194.000,220.000,66.000,194.000,222.000,67.000, 0.076, 0.066, 0.000, 2.000, 0.000, 2.000, 0.000,26.384, 0.000,30.187, 0.000,57.401,319.797,241.604,107.328,63.039,470.795,-2.182, 2.183, 0.183,-0.175,-2.769,-6.818,2.99970,127.27922,-0.17475,0.07188,-0.03060,18.00000,-0.21420,126.00000,-0.07326,0.00000,-1.00000
1719417383.3125162,194.000,220.000,66.000,194.000,222.000,67.000,194.000,224.000,67.000, 0.066, 0.062, 0.000, 2.000, 0.000, 2.000, 0.000,30.187, 0.000,32.445, 0.000,36.620,319.723,241.671,107.267,63.166,469.764,-2.189, 2.189, 0.175,-0.161,-2.887,-6.263,3.01528,127.01181,-0.16075,0.07182,-0.02720,16.00000,-0.21420,126.00000,-0.07326,0.00000,-1.00000
1719417383.378976,194.000,222.000,67.000,194.000,224.000,67.000,192.000,228.000,68.000, 0.062, 0.066, 0.000, 2.000, 0.000, 2.000, 0.000,32.445,-30.127,60.253,-453.810,418.892,319.779,241.632,107.324,63.058,470.700,-2.183, 2.184, 0.183,-0.179,-2.840,-6.766,3.04812,128.56127,-0.17873,0.07209,-0.02040,12.00000,-0.21760,128.00000,-0.07326,0.00000,-1.00000
1719417383.44619,194.000,224.000,67.000,192.000,228.000,68.000,192.000,234.000,68.000, 0.066, 0.067,-2.000, 4.000,-2.000, 4.000,-30.127,60.253, 0.000,89.176,447.762,429.860,319.844,241.669,107.325,63.110,470.557,-2.185, 2.185, 0.172,-0.150,-2.589,-6.412,3.09475,128.14055,-0.14995,0.07187,-0.01020,6.00000,-0.21760,128.00000,-0.07326,0.00000,-1.00000
1719417383.509527,192.000,228.000,68.000,192.000,234.000,68.000,192.000,242.000,66.000, 0.067, 0.063, 0.000, 6.000, 0.000, 6.000, 0.000,89.176, 0.000,126.343, 0.000,586.969,319.671,241.561,107.251,63.060,470.690,-2.184, 2.184, 0.174,-0.149,-2.605,-6.488,-3.12597,128.01562,-0.14861,0.07193,0.00340,-2.00000,-0.21760,128.00000,-0.07326,0.00000,-1.00000
1719417383.5791302,192.000,234.000,68.000,192.000,242.000,66.000,194.000,252.000,66.000, 0.063, 0.070, 0.000, 8.000, 0.000, 8.000, 0.000,126.343,28.729,143.645,412.680,248.549,319.882,241.674,107.404,62.998,471.184,-2.179, 2.181, 0.182,-0.193,-2.608,-6.923,-3.04664,126.57014,-0.19335,0.07248,0.02040,-12.00000,-0.21420,126.00000,-0.07326,0.00000,-1.00000
1719417383.6393101,192.000,242.000,66.000,194.000,252.000,66.000,194.000,262.000,67.000, 0.070, 0.060, 2.000,10.000, 2.000,10.000,28.729,143.645, 0.000,165.959,-476.784,370.305,319.646,241.506,107.218,63.058,470.655,-2.184, 2.184, 0.178,-0.141,-2.703,-6.599,-2.96873,127.90622,-0.14057,0.07202,0.03740,-22.00000,-0.21420,126.00000,-0.07326,0.00000,-1.00000
1719417383.701559,194.000,252.000,66.000,194.000,262.000,67.000,194.000,272.000,67.000, 0.060, 0.062, 0.000,10.000, 0.000,10.000, 0.000,165.959, 0.000,160.854, 0.000,-82.107,319.530,241.415,107.101,63.126,470.012,-2.187, 2.185, 0.195,-0.133,-3.313,-6.909,-2.89288,130.00000,-0.13268,0.07201,0.05440,-32.00000,-0.21420,126.00000,-0.07326,0.00000,-1.00000
1719417383.7785752,194.000,262.000,67.000,194.000,272.000,67.000,200.000,286.000,66.000, 0.062, 0.077, 0.000,10.000, 0.000,10.000, 0.000,160.854,77.826,181.594,1009.482,269.018,319.787,241.544,107.337,62.968,471.442,-2.180, 2.180, 0.201,-0.196,-3.134,-7.397,-2.77554,128.51459,-0.19577,0.07274,0.07820,-46.00000,-0.20400,120.00000,-0.07326,0.00000,-1.00000
1719417383.841433,194.000,272.000,67.000,200.000,286.000,66.000,206.000,300.000,66.000, 0.077, 0.063, 6.000,14.000, 6.000,14.000,77.826,181.594,95.567,222.990,282.580,659.354,319.940,241.641,107.451,62.913,471.926,-2.176, 2.177, 0.192,-0.209,-2.714,-7.380,-2.65711,128.82546,-0.20867,0.07297,0.10200,-60.00000,-0.19380,114.00000,-0.07326,0.00000,-1.00000
1719417383.9039922,200.000,286.000,66.000,206.000,300.000,66.000,212.000,316.000,66.000, 0.063, 0.063, 6.000,14.000, 6.000,14.000,95.567,222.990,95.793,255.448, 3.607,518.212,320.069,241.232,107.687,62.562,472.216,-2.176, 2.181, 0.178,-0.299,-2.414,-6.948,-2.52839,132.06059,-0.29873,0.07402,0.12920,-76.00000,-0.18360,108.00000,-0.07326,0.00000,-1.00000
1719417383.970834,206.000,300.000,66.000,212.000,316.000,66.000,224.000,328.000,66.000, 0.063, 0.067, 6.000,16.000, 6.000,16.000,95.793,255.448,179.848,179.848,1259.752,-1133.052,320.163,241.002,107.706,62.537,471.558,-2.179, 2.184, 0.187,-0.306,-2.849,-6.964,-2.39965,130.23056,-0.30586,0.07424,0.14960,-88.00000,-0.16320,96.00000,-0.07326,0.00000,-1.00000
1719417384.034303,212.000,316.000,66.000,224.000,328.000,66.000,234.000,340.000,67.000, 0.067, 0.064,12.000,12.000,12.000,12.000,179.848,179.848,157.265,188.718,-355.148,139.498,320.423,240.799,107.677,62.530,472.317,-2.176, 2.178, 0.190,-0.212,-2.684,-7.303,-2.28107,131.89390,-0.21229,0.07341,0.17000,-100.00000,-0.14620,86.00000,-0.07326,0.00000,0.00000
1719417384.1097999,224.000,328.000,66.000,234.000,340.000,67.000,248.000,350.000,66.000, 0.064, 0.075,10.000,12.000,10.000,12.000,157.265,188.718,185.494,132.496,374.027,-744.919,320.097,238.721,107.393,61.768,475.292,-2.177, 2.165, 0.371,-0.501,-7.741,-11.783,-2.15036,131.46863,-0.50065,0.07655,0.18700,-110.00000,-0.12240,72.00000,-0.07326,0.00000,1.00000
1719417384.174939,234.000,340.000,67.000,248.000,350.000,66.000,262.000,356.000,66.000, 0.075, 0.065,14.000,10.000,14.000,10.000,185.494,132.496,215.090,92.181,454.699,-619.374,319.886,238.129,106.571,62.488,469.576,-2.207, 2.186, 0.281, 0.079,-6.406,-8.254,-2.03444,129.69194,0.07861,0.07072,0.19720,-116.00000,-0.09860,58.00000,-0.07326,0.00000,1.00000
1719417384.244423,248.000,350.000,66.000,262.000,356.000,66.000,274.000,362.000,66.000, 0.065, 0.070,14.000, 6.000,14.000, 6.000,215.090,92.181,172.632,86.316,-610.799,-84.379,319.792,238.282,106.255,62.933,465.447, 2.236,-2.213,-0.151, 0.450,-3.604,-4.198,-1.93136,130.38405,0.44964,0.06678,0.20740,-122.00000,-0.07820,46.00000,-0.07326,0.00000,1.00000
1719417384.300564,262.000,356.000,66.000,274.000,362.000,66.000,282.000,364.000,64.000, 0.070, 0.056,12.000, 6.000,12.000, 6.000,172.632,86.316,142.376,35.594,-538.465,-902.703,319.652,238.318,106.188,62.953,465.813, 2.238,-2.215,-0.163, 0.444,-3.749,-4.623,-1.86816,129.69194,0.44397,0.06662,0.21080,-124.00000,-0.06460,38.00000,-0.07326,0.00000,1.00000
1719417384.370801,274.000,362.000,66.000,282.000,364.000,64.000,290.000,368.000,66.000, 0.056, 0.070, 8.000, 2.000, 8.000, 2.000,142.376,35.594,114.071,57.035,-403.609,305.726,319.766,238.862,106.227,63.200,465.369,-2.223, 2.200, 0.157, 0.449,-3.671,-4.448,-1.80102,131.46863,0.44854,0.06635,0.21760,-128.00000,-0.05100,30.00000,-0.07326,0.00000,1.00000
1719417384.427895,282.000,364.000,64.000,290.000,368.000,66.000,296.000,368.000,65.000, 0.070, 0.057, 8.000, 4.000, 8.000, 4.000,114.071,57.035,104.904, 0.000,-160.270,-997.204,319.705,238.447,106.228,63.002,465.079, 2.235,-2.213,-0.140, 0.454,-3.352,-3.884,-1.75614,130.23056,0.45365,0.06607,0.21760,-128.00000,-0.04080,24.00000,-0.07326,0.00000,1.00000
1719417384.498792,290.000,368.000,66.000,296.000,368.000,65.000,300.000,370.000,65.000, 0.057, 0.071, 6.000, 0.000, 6.000, 0.000,104.904, 0.000,56.430,28.215,-683.847,398.038,319.701,238.767,106.220,63.135,465.497,-2.223, 2.201, 0.152, 0.447,-3.567,-4.292,-1.72345,131.52946,0.44697,0.06591,0.22100,-130.00000,-0.03400,20.00000,-0.07326,0.00000,1.00000
1719417384.5688078,296.000,368.000,65.000,300.000,370.000,65.000,304.000,370.000,65.000, 0.071, 0.070, 4.000, 2.000, 4.000, 2.000,56.430,28.215,57.178, 0.000,10.694,-403.315,319.667,238.479,106.232,62.996,465.202, 2.236,-2.214,-0.142, 0.440,-3.335,-3.996,-1.69326,130.98091,0.44050,0.06576,0.22100,-130.00000,-0.02720,16.00000,-0.07326,0.00000,1.00000
