time,c1x,c1y,c1z,c2x,c2y,c2z,c3x,c3y,c3z,dt1,dt2,ds1x,ds1y,ds2x,ds2y,v1x,v1y,v2x,v2y,ax,ay,br,px,py,tvx,tvy,tvz,rvx,rvy,rvz,heading,roll,pitch,ballang,ballradscale,headerr,heading_pid_out,pitch_pid_out,pitcherr,roll_pid_out,rollerr,x_pid_out,xerr,yerr
1719603157.2040472,338.000,258.000,66.000,338.000,258.000,66.000,340.000,254.000,66.000, 0.063, 0.090, 0.000, 0.000, 0.000, 0.000, 0.000, 0.000,22.202,-44.405,246.475,-492.950,66.0000,319.258,240.089,107.305,62.254,469.980,-2.185, 2.196,-0.001,-0.264, 1.807,-1.752,-0.61073,24.41311,-0.26428,0.08073,0.57951,-14.00000,-0.12662,-20.00000,-0.05927,0.00000,0.00000
1719603157.284179,338.000,258.000,66.000,340.000,254.000,66.000,342.000,254.000,66.000, 0.090, 0.080, 2.000,-4.000, 2.000,-4.000,22.202,-44.405,24.997, 0.000,34.926,554.993,66.0000,318.530,240.562,107.303,62.130,470.267,-2.180, 2.198, 0.029,-0.435, 1.104,-2.603,-0.56673,26.07681,-0.43508,0.08265,0.77235,-14.00000,-0.11919,-22.00000,-0.05361,-1.00000,0.00000
1719603157.3436549,340.000,254.000,66.000,342.000,254.000,66.000,346.000,252.000,66.000, 0.080, 0.060, 2.000, 0.000, 2.000, 0.000,24.997, 0.000,67.156,-33.578,707.806,-563.739,66.0000,318.967,240.619,107.508,62.081,470.979,-2.176, 2.195, 0.016,-0.463, 1.659,-2.497,-0.43241,28.63564,-0.46314,0.08317,0.67042,-12.00000,-0.00908,-26.00000,-0.05294,-1.00000,0.00000
1719603157.412735,342.000,254.000,66.000,346.000,252.000,66.000,344.000,250.000,65.000, 0.060, 0.069, 4.000,-2.000, 4.000,-2.000,67.156,-33.578,-28.959,-28.959,-1391.676,66.884,65.0000,318.368,241.146,107.060,62.579,469.888,-2.185, 2.198, 0.028,-0.320, 0.967,-2.432,-0.39479,26.00000,-0.32022,0.08190,0.66448,-10.00000,-0.30265,-24.00000,-0.05228,-1.00000,-1.00000
1719603157.473304,346.000,252.000,66.000,344.000,250.000,65.000,346.000,250.000,66.000, 0.069, 0.061,-2.000,-2.000,-2.000,-2.000,-28.959,-28.959,33.020, 0.000,1023.245,478.101,66.0000,318.339,241.040,107.040,62.419,471.755,-2.175, 2.189, 0.047,-0.313, 1.021,-3.471,-0.36717,27.85678,-0.31331,0.08199,0.76104,-10.00000,-0.10285,-26.00000,-0.05161,-1.00000,-1.00000
1719603157.5374138,344.000,250.000,65.000,346.000,250.000,66.000,346.000,248.000,66.000, 0.061, 0.064, 2.000, 0.000, 2.000, 0.000,33.020, 0.000, 0.000,-31.196,-515.046,-486.610,66.0000,318.355,241.148,106.965,62.653,470.316,-2.185, 2.196, 0.045,-0.254, 0.593,-2.923,-0.29850,27.20294,-0.25383,0.08152,0.65892,-8.00000,-0.19773,-26.00000,-0.05094,-1.00000,-1.00000
1719603157.612992,346.000,250.000,66.000,346.000,248.000,66.000,346.000,244.000,66.000, 0.064, 0.076, 0.000,-2.000, 0.000,-2.000, 0.000,-31.196, 0.000,-52.951, 0.000,-287.988,66.0000,318.085,241.422,106.645,62.901,471.525,-2.182, 2.187, 0.078,-0.117, 0.038,-4.140,-0.15265,26.30589,-0.11731,0.08021,0.55021,-4.00000,-0.19652,-26.00000,-0.05028,-1.00000,-1.00000
1719603157.6758552,346.000,248.000,66.000,346.000,244.000,66.000,346.000,242.000,66.000, 0.076, 0.063, 0.000,-4.000, 0.000,-4.000, 0.000,-52.951, 0.000,-31.788, 0.000,336.371,66.0000,318.763,240.982,107.164,62.428,472.150,-2.175, 2.186, 0.067,-0.269, 0.547,-4.058,-0.07677,26.07681,-0.26918,0.08186,0.64000,-2.00000,-0.19531,-26.00000,-0.04961,-1.00000,0.00000
1719603157.741086,346.000,244.000,66.000,346.000,242.000,66.000,344.000,242.000,66.000, 0.063, 0.065, 0.000,-2.000, 0.000,-2.000, 0.000,-31.788,-30.646, 0.000,-469.592,487.088,66.0000,319.755,240.559,107.535,62.380,470.996,-2.182, 2.192, 0.043,-0.245, 0.811,-3.079,-0.08314,24.08319,-0.24486,0.08174,0.73619,-2.00000,-0.29669,-24.00000,-0.05461,0.00000,0.00000
1719603157.803915,346.000,242.000,66.000,344.000,242.000,66.000,344.000,240.000,66.000, 0.065, 0.063,-2.000, 0.000,-2.000, 0.000,-30.646, 0.000, 0.000,-31.897,488.759,-508.707,66.0000,320.271,240.588,107.610,62.504,471.287,-2.181, 2.188, 0.048,-0.162, 0.855,-3.348,0.00000,24.00000,-0.16191,0.08099,0.63369,0.00000,-0.19947,-24.00000,-0.05461,0.00000,0.00000
1719603157.867189,344.000,242.000,66.000,344.000,240.000,66.000,342.000,238.000,66.000, 0.063, 0.063, 0.000,-2.000, 0.000,-2.000, 0.000,-31.897,-31.585,-31.585,-498.807, 4.926,66.0000,320.663,240.815,107.917,62.404,471.847,-2.175, 2.187, 0.029,-0.270, 1.556,-3.085,0.09066,22.09072,-0.26963,0.08221,0.62720,2.00000,-0.30094,-22.00000,-0.05461,0.00000,0.00000
1719603157.937352,344.000,240.000,66.000,342.000,238.000,66.000,340.000,236.000,66.000, 0.063, 0.070,-2.000,-2.000,-2.000,-2.000,-31.585,-31.585,-28.500,-28.500,43.959,43.959,66.0000,320.351,241.042,107.997,62.322,471.525,-2.176, 2.191, 0.051,-0.382, 0.837,-3.476,0.19740,20.39608,-0.38240,0.08352,0.62061,4.00000,-0.30641,-20.00000,-0.05461,0.00000,-1.00000
1719603158.008298,342.000,238.000,66.000,340.000,236.000,66.000,336.000,234.000,66.000, 0.070, 0.071,-2.000,-2.000,-2.000,-2.000,-28.500,-28.500,-56.394,-28.197,-393.257, 4.276,66.0000,320.750,240.867,107.894,62.647,469.327,-2.188, 2.198, 0.015,-0.231, 1.236,-2.000,0.35877,17.08801,-0.23087,0.08212,0.61393,6.00000,-0.41456,-16.00000,-0.05461,0.00000,0.00000
1719603158.068515,340.000,236.000,66.000,336.000,234.000,66.000,336.000,230.000,66.000, 0.071, 0.060,-4.000,-2.000,-4.000,-2.000,-56.394,-28.197, 0.000,-66.438,936.678,-635.175,66.0000,320.462,241.339,107.489,63.011,471.423,-2.183, 2.186, 0.033,-0.043, 1.266,-3.006,0.55860,18.86796,-0.04327,0.08027,0.50457,10.00000,-0.22162,-16.00000,-0.05461,0.00000,-1.00000
1719603158.143052,336.000,234.000,66.000,336.000,230.000,66.000,334.000,226.000,66.000, 0.060, 0.075, 0.000,-4.000, 0.000,-4.000, 0.000,-66.438,-26.815,-53.630,-359.521,171.729,66.0000,321.191,241.001,107.821,62.858,471.148,-2.183, 2.187, 0.016,-0.072, 1.650,-2.510,0.78540,19.79899,-0.07219,0.08060,0.49112,14.00000,-0.32346,-14.00000,-0.06028,1.00000,-1.00000
1719603158.1986408,336.000,230.000,66.000,334.000,226.000,66.000,332.000,220.000,66.000, 0.075, 0.056,-2.000,-4.000,-2.000,-4.000,-26.815,-53.630,-35.982,-107.947,-164.933,-977.231,66.0000,321.195,241.032,107.819,62.879,471.038,-2.183, 2.187, 0.015,-0.072, 1.664,-2.468,1.03038,23.32381,-0.07174,0.08063,0.37489,20.00000,-0.32930,-12.00000,-0.06094,1.00000,-1.00000
1719603158.306327,334.000,226.000,66.000,332.000,220.000,66.000,328.000,210.000,66.000, 0.056, 0.108,-2.000,-6.000,-2.000,-6.000,-35.982,-107.947,-37.145,-92.862,-10.793,140.086,66.0000,320.664,240.848,107.579,62.784,471.508,-2.181, 2.184, 0.032,-0.054, 1.394,-3.051,1.31019,31.04835,-0.05368,0.08047,0.14930,30.00000,-0.43783,-8.00000,-0.05594,0.00000,0.00000
1719603158.3700511,332.000,220.000,66.000,328.000,210.000,66.000,328.000,202.000,67.000, 0.108, 0.064,-4.000,-10.000,-4.000,-10.000,-37.145,-92.862, 0.000,-125.598,583.163,-513.955,67.0000,320.043,241.094,107.457,62.715,472.170,-2.178, 2.184, 0.027,-0.138, 1.602,-3.031,1.36330,38.83298,-0.13786,0.08138,0.21802,38.00000,-0.24526,-8.00000,-0.05594,0.00000,-1.00000
1719603158.436925,328.000,210.000,66.000,328.000,202.000,67.000,328.000,190.000,66.000, 0.064, 0.067, 0.000,-8.000, 0.000,-8.000, 0.000,-125.598, 0.000,-179.236, 0.000,-801.154,66.0000,320.062,241.496,107.789,62.438,473.660,-2.166, 2.181, 0.046,-0.334, 1.517,-3.930,1.41214,50.63596,-0.33440,0.08352,-0.01490,50.00000,-0.24489,-8.00000,-0.05594,0.00000,-1.00000
1719603158.501274,328.000,202.000,67.000,328.000,190.000,66.000,328.000,180.000,66.000, 0.067, 0.064, 0.000,-12.000, 0.000,-12.000, 0.000,-179.236, 0.000,-155.553, 0.000,368.403,66.0000,319.933,242.101,107.760,62.607,473.580,-2.161, 2.177, 0.051,-0.374, 1.655,-4.304,1.43824,60.53098,-0.37358,0.08409,0.04640,60.00000,-0.24452,-8.00000,-0.05594,0.00000,-2.00000
1719603158.564001,328.000,190.000,66.000,328.000,180.000,66.000,328.000,168.000,66.000, 0.064, 0.063, 0.000,-10.000, 0.000,-10.000, 0.000,-155.553, 0.000,-191.519, 0.000,-574.013,66.0000,320.208,242.741,107.928,62.625,476.035,-2.152, 2.169, 0.071,-0.385, 1.592,-5.328,1.46014,72.44308,-0.38488,0.08440,-0.09145,72.00000,-0.24414,-8.00000,-0.05594,0.00000,-2.00000
1719603158.631457,328.000,180.000,66.000,328.000,168.000,66.000,330.000,160.000,68.000, 0.063, 0.068, 0.000,-12.000, 0.000,-12.000, 0.000,-191.519,29.593,-118.373,437.882,1082.306,68.0000,319.760,242.933,107.857,62.476,476.518,-2.144, 2.166, 0.068,-0.480, 1.962,-5.568,1.44644,80.62258,-0.48036,0.08559,0.07141,80.00000,-0.14118,-10.00000,-0.05594,0.00000,-2.00000
1719603158.690366,328.000,168.000,66.000,330.000,160.000,68.000,330.000,152.000,66.000, 0.068, 0.059, 2.000,-8.000, 2.000,-8.000,29.593,-118.373, 0.000,-135.837,-502.483,-296.526,66.0000,319.523,243.503,107.831,62.629,477.045,-2.144, 2.165, 0.097,-0.494, 1.210,-6.326,1.45765,88.56636,-0.49368,0.08597,0.04171,88.00000,-0.23681,-10.00000,-0.05594,0.00000,-3.00000
1719603158.7631202,330.000,160.000,68.000,330.000,152.000,66.000,332.000,148.000,68.000, 0.059, 0.073, 0.000,-8.000, 0.000,-8.000, 0.000,-135.837,27.479,-54.957,377.536,1111.230,68.0000,319.429,243.994,107.462,63.058,477.591,-2.143, 2.156, 0.115,-0.289, 0.998,-7.084,1.44109,92.77931,-0.28910,0.08407,0.21681,92.00000,-0.13376,-12.00000,-0.05594,0.00000,-3.00000
1719603158.828473,330.000,152.000,66.000,332.000,148.000,68.000,332.000,144.000,68.000, 0.073, 0.065, 2.000,-4.000, 2.000,-4.000,27.479,-54.957, 0.000,-61.276,-420.947,-96.804,68.0000,319.485,243.712,107.230,63.361,476.896,-2.154, 2.159, 0.121,-0.108, 0.405,-6.829,1.44644,96.74709,-0.10812,0.08232,0.19953,96.00000,-0.22929,-12.00000,-0.05594,0.00000,-3.00000
1719603158.896529,332.000,148.000,68.000,332.000,144.000,68.000,334.000,142.000,67.000, 0.065, 0.068, 0.000,-4.000, 0.000,-4.000, 0.000,-61.276,29.392,-29.392,431.955,468.573,67.0000,319.572,243.488,107.309,63.078,477.560,-2.146, 2.154, 0.122,-0.150, 0.739,-7.246,1.42890,98.99495,-0.14951,0.08281,0.28466,98.00000,-0.12614,-14.00000,-0.05594,0.00000,-3.00000
1719603158.9593081,332.000,144.000,68.000,334.000,142.000,67.000,334.000,144.000,67.000, 0.068, 0.063, 2.000,-2.000, 2.000,-2.000,29.392,-29.392, 0.000,31.845,-468.007,975.074,67.0000,319.400,242.418,107.242,62.742,476.908,-2.152, 2.157, 0.137,-0.142, 0.072,-7.346,1.42598,97.01546,-0.14195,0.08280,0.47878,96.00000,-0.22159,-14.00000,-0.05594,0.00000,-2.00000
1719603159.021437,334.000,142.000,67.000,334.000,144.000,67.000,334.000,146.000,67.000, 0.063, 0.062, 0.000, 2.000, 0.000, 2.000, 0.000,31.845, 0.000,32.161, 0.000, 5.067,67.0000,320.072,241.675,106.983,63.091,475.807,-2.164, 2.155, 0.144, 0.190,-0.420,-7.233,1.42295,95.03683,0.19000,0.07939,0.48080,94.00000,-0.22093,-14.00000,-0.05594,0.00000,-1.00000
1719603159.0906749,334.000,144.000,67.000,334.000,146.000,67.000,336.000,154.000,68.000, 0.062, 0.069, 0.000, 2.000, 0.000, 2.000, 0.000,32.161,28.885,115.542,417.186,1204.256,68.0000,320.282,241.148,106.411,63.711,474.544,-2.183, 2.159, 0.109, 0.615,-0.083,-5.682,1.38685,87.47571,0.61455,0.07483,0.79068,86.00000,-0.11769,-16.00000,-0.05594,0.00000,-1.00000
1719603159.155519,334.000,146.000,67.000,336.000,154.000,68.000,334.000,160.000,68.000, 0.069, 0.065, 2.000, 8.000, 2.000, 8.000,28.885,115.542,-30.843,92.528,-921.091,-354.904,68.0000,319.893,240.161,106.459,63.035,475.062,-2.177, 2.159, 0.105, 0.483, 0.205,-5.762,1.39755,81.21576,0.48307,0.07591,0.71005,80.00000,-0.31563,-14.00000,-0.05594,0.00000,0.00000
1719603159.218806,336.000,154.000,68.000,334.000,160.000,68.000,332.000,170.000,67.000, 0.065, 0.063,-2.000, 6.000,-2.000, 6.000,-30.843,92.528,-31.605,158.023,-12.040,1034.977,67.0000,320.392,239.817,106.999,62.550,474.460,-2.170, 2.161, 0.111, 0.257, 0.179,-6.038,1.40102,71.02112,0.25663,0.07804,0.93098,70.00000,-0.32147,-12.00000,-0.05594,0.00000,0.00000
1719603159.292383,334.000,160.000,68.000,332.000,170.000,67.000,330.000,178.000,67.000, 0.063, 0.074,-2.000,10.000,-2.000,10.000,-31.605,158.023,-27.198,108.793,59.924,-669.491,67.0000,320.177,238.601,106.899,62.379,470.979,-2.193, 2.183, 0.072, 0.272, 0.002,-3.787,1.41088,62.80127,0.27159,0.07776,0.85759,62.00000,-0.32741,-10.00000,-0.05594,0.00000,1.00000
1719603159.360929,332.000,170.000,67.000,330.000,178.000,67.000,326.000,186.000,67.000, 0.074, 0.069,-2.000, 8.000,-2.000, 8.000,-27.198,108.793,-58.379,116.758,-455.073,116.246,67.0000,319.680,237.272,106.527,61.964,471.207,-2.192, 2.179, 0.063, 0.369, 0.361,-3.682,1.46014,54.33231,0.36937,0.07660,0.88067,54.00000,-0.43602,-6.00000,-0.05594,0.00000,2.00000
1719603159.421181,330.000,178.000,67.000,326.000,186.000,67.000,324.000,194.000,67.000, 0.069, 0.060,-4.000, 8.000,-4.000, 8.000,-58.379,116.758,-33.159,132.637,418.132,263.266,67.0000,321.129,236.257,107.019,61.717,469.680,-2.196, 2.182, 0.012, 0.398, 1.563,-2.196,1.48406,46.17359,0.39769,0.07611,0.90413,46.00000,-0.34614,-4.00000,-0.06161,1.00000,3.00000
1719603159.485355,326.000,186.000,67.000,324.000,194.000,67.000,320.000,200.000,66.000, 0.060, 0.064,-2.000, 8.000,-2.000, 8.000,-33.159,132.637,-62.398,93.596,-456.102,-609.005,66.0000,320.737,236.107,107.386,61.214,467.995,-2.196, 2.195,-0.032, 0.032, 2.317,-0.661,1.57080,40.00000,0.03171,0.07976,0.82537,40.00000,-0.45504,-0.00000,-0.05661,0.00000,3.00000
1719603159.5525131,324.000,194.000,67.000,320.000,200.000,66.000,320.000,204.000,66.000, 0.064, 0.067,-4.000, 6.000,-4.000, 6.000,-62.398,93.596, 0.000,59.503,928.207,-507.166,66.0000,321.781,236.608,108.092,61.127,468.642,-2.192, 2.197,-0.016,-0.115, 1.975,-1.131,1.57080,36.00000,-0.11533,0.08129,0.74039,36.00000,-0.26284,-0.00000,-0.06228,1.00000,3.00000
1719603159.617302,320.000,200.000,66.000,320.000,204.000,66.000,318.000,206.000,67.000, 0.067, 0.065, 0.000, 4.000, 0.000, 4.000, 0.000,59.503,-30.873,30.873,-476.565,-441.943,67.0000,322.056,237.187,108.180,61.414,468.162,-2.193, 2.198,-0.034,-0.121, 2.379,-0.614,1.62955,34.05877,-0.12118,0.08141,0.64911,34.00000,-0.36543,2.00000,-0.06861,2.00000,2.00000
1719603159.6829891,320.000,204.000,66.000,318.000,206.000,67.000,316.000,206.000,66.000, 0.065, 0.066,-2.000, 2.000,-2.000, 2.000,-30.873,30.873,-30.443, 0.000, 6.547,-469.926,66.0000,321.625,238.196,108.172,61.643,468.619,-2.189, 2.199,-0.036,-0.230, 2.507,-0.616,1.68791,34.23449,-0.22969,0.08261,0.55143,34.00000,-0.37202,4.00000,-0.06427,1.00000,1.00000
1719603159.744879,318.000,206.000,67.000,316.000,206.000,66.000,316.000,204.000,66.000, 0.066, 0.062,-2.000, 0.000,-2.000, 0.000,-30.443, 0.000, 0.000,-32.328,492.074,-522.547,66.0000,321.861,238.915,107.788,62.389,469.548,-2.193, 2.190,-0.022, 0.094, 2.285,-1.113,1.68145,36.22154,0.09367,0.07932,0.44726,36.00000,-0.27611,4.00000,-0.06494,1.00000,1.00000
1719603159.824498,316.000,206.000,66.000,316.000,204.000,66.000,316.000,200.000,66.000, 0.062, 0.080, 0.000,-2.000, 0.000,-2.000, 0.000,-32.328, 0.000,-50.218, 0.000,-224.598,66.0000,320.277,239.300,107.171,62.402,471.290,-2.184, 2.184,-0.020, 0.056, 2.670,-1.622,1.67046,40.19950,0.05649,0.07967,0.33650,40.00000,-0.27630,4.00000,-0.05994,0.00000,0.00000
1719603159.883522,316.000,204.000,66.000,316.000,200.000,66.000,316.000,196.000,66.000, 0.080, 0.059, 0.000,-4.000, 0.000,-4.000, 0.000,-50.218, 0.000,-67.994, 0.000,-302.166,66.0000,319.793,240.111,107.914,61.597,473.203,-2.160, 2.184,-0.008,-0.567, 3.071,-2.632,1.66146,44.18144,-0.56715,0.08619,0.32165,44.00000,-0.27648,4.00000,-0.05994,0.00000,0.00000
1719603159.953185,316.000,200.000,66.000,316.000,196.000,66.000,320.000,190.000,66.000, 0.059, 0.070, 0.000,-4.000, 0.000,-4.000, 0.000,-67.994,57.257,-85.886,819.602,-256.115,66.0000,319.507,240.586,107.966,61.783,471.706,-2.170, 2.195, 0.017,-0.611, 1.803,-2.689,1.57080,50.00000,-0.61092,0.08693,0.20402,50.00000,-0.07149,-0.00000,-0.05994,0.00000,0.00000
1719603160.011262,316.000,196.000,66.000,320.000,190.000,66.000,324.000,182.000,66.000, 0.070, 0.058, 4.000,-6.000, 4.000,-6.000,57.257,-85.886,68.915,-137.831,200.852,-894.942,66.0000,318.841,240.829,107.245,62.328,472.043,-2.176, 2.189, 0.035,-0.311, 1.342,-3.145,1.50194,58.13777,-0.31076,0.08408,0.07962,58.00000,-0.05850,-4.00000,-0.05427,-1.00000,0.00000
1719603160.0768929,320.000,190.000,66.000,324.000,182.000,66.000,328.000,174.000,66.000, 0.058, 0.066, 4.000,-8.000, 4.000,-8.000,68.915,-137.831,60.976,-121.951,-121.030,242.061,66.0000,319.132,241.491,107.426,62.371,473.953,-2.164, 2.179, 0.058,-0.349, 1.328,-4.394,1.45017,66.48308,-0.34894,0.08464,0.05094,66.00000,-0.04533,-8.00000,-0.05927,0.00000,-1.00000
1719603160.141391,324.000,182.000,66.000,328.000,174.000,66.000,332.000,166.000,67.000, 0.066, 0.064, 4.000,-8.000, 4.000,-8.000,60.976,-121.951,62.019,-124.037,16.170,-32.341,67.0000,318.220,241.677,106.814,62.643,474.235,-2.164, 2.173, 0.080,-0.198, 0.876,-5.109,1.41003,74.96666,-0.19843,0.08323,0.02189,74.00000,-0.03197,-12.00000,-0.05361,-1.00000,-1.00000
1719603160.219916,328.000,174.000,66.000,332.000,166.000,67.000,336.000,160.000,67.000, 0.064, 0.078, 4.000,-8.000, 4.000,-8.000,62.019,-124.037,50.958,-76.437,-140.908,606.404,67.0000,317.909,242.352,106.431,63.056,475.106,-2.160, 2.163, 0.097,-0.045, 0.810,-5.925,1.37340,81.58431,-0.04488,0.08172,0.09506,80.00000,-0.01843,-16.00000,-0.04728,-2.00000,-2.00000
1719603160.2865658,332.000,166.000,67.000,336.000,160.000,67.000,342.000,156.000,67.000, 0.078, 0.067, 4.000,-6.000, 4.000,-6.000,50.958,-76.437,89.917,-59.945,583.858,247.151,67.0000,318.092,243.364,106.614,63.339,475.874,-2.158, 2.163, 0.108,-0.096, 0.545,-6.281,1.31464,86.83317,-0.09604,0.08228,0.17444,84.00000,0.09790,-22.00000,-0.05161,-1.00000,-3.00000
1719603160.3518238,336.000,160.000,67.000,342.000,156.000,67.000,344.000,154.000,67.000, 0.067, 0.065, 6.000,-4.000, 6.000,-4.000,89.917,-59.945,30.686,-30.686,-908.790,448.920,67.0000,317.224,243.511,106.305,63.248,476.800,-2.153, 2.158, 0.134,-0.124, 0.110,-7.196,1.29865,89.28606,-0.12402,0.08262,0.26013,86.00000,-0.08678,-24.00000,-0.04528,-2.00000,-3.00000
1719603160.416702,342.000,156.000,67.000,344.000,154.000,67.000,348.000,158.000,67.000, 0.065, 0.065, 2.000,-2.000, 2.000,-2.000,30.686,-30.686,61.571,61.571,475.396,1420.080,67.0000,318.193,243.892,106.795,63.224,477.363,-2.148, 2.154, 0.149,-0.181,-0.051,-7.858,1.24175,86.64872,-0.18149,0.08329,0.55739,82.00000,0.02342,-28.00000,-0.04961,-1.00000,-3.00000
1719603160.476898,344.000,154.000,67.000,348.000,158.000,67.000,350.000,164.000,68.000, 0.065, 0.060, 4.000, 4.000, 4.000, 4.000,61.571,61.571,33.268,99.804,-470.787,635.968,68.0000,317.713,242.896,106.564,63.111,475.594,-2.162, 2.166, 0.149,-0.157,-0.768,-7.103,1.19484,81.70679,-0.15660,0.08312,0.66914,76.00000,-0.06487,-30.00000,-0.04328,-2.00000,-2.00000
1719603160.540683,348.000,158.000,67.000,350.000,164.000,68.000,350.000,170.000,68.000, 0.060, 0.064, 2.000, 6.000, 2.000, 6.000,33.268,99.804, 0.000,94.104,-521.775,-89.392,68.0000,318.467,241.944,106.932,62.669,475.037,-2.160, 2.166, 0.150,-0.202,-0.772,-7.151,1.16590,76.15773,-0.20164,0.08367,0.68508,70.00000,-0.15957,-30.00000,-0.04761,-1.00000,-1.00000
1719603160.6179352,350.000,164.000,68.000,350.000,170.000,68.000,350.000,180.000,68.000, 0.064, 0.077, 0.000, 6.000, 0.000, 6.000, 0.000,94.104, 0.000,129.283, 0.000,454.796,68.0000,319.238,240.482,106.512,63.208,470.331,-2.197, 2.185, 0.132, 0.243,-1.842,-5.065,1.10715,67.08204,0.24317,0.07910,0.90648,60.00000,-0.15817,-30.00000,-0.05261,0.00000,0.00000
1719603160.6820722,350.000,170.000,68.000,350.000,180.000,68.000,350.000,188.000,66.000, 0.077, 0.064, 0.000,10.000, 0.000,10.000, 0.000,129.283, 0.000,124.721, 0.000,-71.117,66.0000,319.357,238.382,105.963,62.863,471.142,-2.199, 2.174, 0.101, 0.636,-0.731,-4.566,1.04752,60.03332,0.63608,0.07485,0.83355,52.00000,-0.15677,-30.00000,-0.05261,0.00000,1.00000
1719603160.740596,350.000,180.000,68.000,350.000,188.000,66.000,348.000,200.000,66.000, 0.064, 0.058, 0.000, 8.000, 0.000, 8.000, 0.000,124.721,-34.197,205.185,-584.734,1375.832,66.0000,320.448,238.100,106.246,62.894,471.107,-2.198, 2.170, 0.064, 0.735, 0.399,-3.791,0.96007,48.82622,0.73460,0.07350,1.00000,40.00000,-0.25796,-28.00000,-0.05261,0.00000,1.00000
1719603160.8075252,350.000,188.000,66.000,348.000,200.000,66.000,344.000,208.000,67.000, 0.058, 0.067,-2.000,12.000,-2.000,12.000,-34.197,205.185,-59.761,119.523,-381.932,-1279.822,67.0000,320.575,236.954,106.823,61.980,469.866,-2.198, 2.183, 0.045, 0.406, 0.564,-2.940,0.92730,40.00000,0.40626,0.07658,0.89420,32.00000,-0.36574,-24.00000,-0.05261,0.00000,3.00000
1719603160.882816,348.000,200.000,66.000,344.000,208.000,67.000,336.000,214.000,66.000, 0.067, 0.075,-4.000, 8.000,-4.000, 8.000,-59.761,119.523,-106.230,79.673,-617.051,-529.159,66.0000,320.157,235.999,107.111,61.193,468.351,-2.198, 2.195, 0.009, 0.096, 1.217,-1.696,1.01914,30.52868,0.09639,0.07963,0.81609,26.00000,-0.58279,-16.00000,-0.05261,0.00000,4.00000
1719603160.938316,344.000,208.000,67.000,336.000,214.000,66.000,330.000,214.000,67.000, 0.075, 0.056,-8.000, 6.000,-8.000, 6.000,-106.230,79.673,-108.095, 0.000,-33.587,-1435.365,67.0000,320.743,236.548,107.313,61.476,468.113,-2.199, 2.195, 0.000, 0.120, 1.370,-1.384,1.20362,27.85678,0.11979,0.07934,0.52659,26.00000,-0.50543,-10.00000,-0.05261,0.00000,3.00000
1719603161.006878,336.000,214.000,66.000,330.000,214.000,67.000,324.000,214.000,66.000, 0.056, 0.068,-6.000, 0.000,-6.000, 0.000,-108.095, 0.000,-87.634, 0.000,298.835, 0.000,66.0000,321.089,236.362,107.633,61.188,468.751,-2.193, 2.194,-0.011,-0.008, 1.897,-1.316,1.41815,26.30589,-0.00758,0.08061,0.52538,26.00000,-0.52444,-4.00000,-0.05828,1.00000,3.00000
1719603161.069451,330.000,214.000,67.000,324.000,214.000,66.000,316.000,210.000,66.000, 0.068, 0.063,-6.000, 0.000,-6.000, 0.000,-87.634, 0.000,-127.755,-63.877,-640.696,-1020.082,66.0000,322.825,237.328,108.419,61.513,468.912,-2.190, 2.193,-0.028,-0.071, 2.433,-0.990,1.70335,30.26549,-0.07090,0.08128,0.31899,30.00000,-0.64632,4.00000,-0.06461,2.00000,2.00000
1719603161.141152,324.000,214.000,66.000,316.000,210.000,66.000,310.000,202.000,65.000, 0.063, 0.072,-8.000,-4.000,-8.000,-4.000,-127.755,-63.877,-83.684,-111.579,614.668,-665.316,65.0000,321.852,239.376,107.392,62.787,472.120,-2.183, 2.173,-0.010, 0.320, 2.742,-2.226,1.82812,39.29377,0.32010,0.07721,0.09942,38.00000,-0.56989,10.00000,-0.06028,1.00000,0.00000
1719603161.210957,316.000,210.000,66.000,310.000,202.000,65.000,302.000,192.000,66.000, 0.072, 0.070,-6.000,-8.000,-6.000,-8.000,-83.684,-111.579,-114.487,-143.109,-440.813,-451.216,66.0000,322.114,239.540,107.932,62.390,472.152,-2.174, 2.176,-0.023, 0.011, 3.269,-2.051,1.92957,51.26402,0.01128,0.08030,-0.03091,48.00000,-0.69243,18.00000,-0.06661,2.00000,0.00000
1719603161.2740989,310.000,202.000,65.000,302.000,192.000,66.000,298.000,184.000,66.000, 0.070, 0.063,-8.000,-10.000,-8.000,-10.000,-114.487,-143.109,-63.434,-126.867,809.626,257.568,66.0000,322.557,240.960,108.713,62.120,474.827,-2.153, 2.171, 0.002,-0.363, 3.362,-3.458,1.94513,60.16644,-0.36298,0.08422,0.03697,56.00000,-0.51406,22.00000,-0.06794,2.00000,0.00000
1719603161.339564,302.000,192.000,66.000,298.000,184.000,66.000,296.000,174.000,67.000, 0.063, 0.065,-4.000,-8.000,-4.000,-8.000,-63.434,-126.867,-30.545,-152.723,502.290,-394.877,67.0000,321.254,242.811,108.213,62.773,475.794,-2.150, 2.168, 0.021,-0.363, 3.038,-4.119,1.91957,70.22820,-0.36289,0.08440,-0.09420,66.00000,-0.42548,24.00000,-0.06361,1.00000,-2.00000
1719603161.406794,298.000,184.000,66.000,296.000,174.000,67.000,296.000,164.000,67.000, 0.065, 0.067,-2.000,-10.000,-2.000,-10.000,-30.545,-152.723, 0.000,-148.675,454.122,60.179,67.0000,321.819,243.579,108.550,62.680,478.083,-2.136, 2.157, 0.044,-0.430, 3.118,-5.457,1.87668,79.69944,-0.42983,0.08528,-0.12974,76.00000,-0.33051,24.00000,-0.06427,1.00000,-3.00000
1719603161.470437,296.000,174.000,67.000,296.000,164.000,67.000,298.000,158.000,67.000, 0.067, 0.064, 0.000,-10.000, 0.000,-10.000, 0.000,-148.675,31.434,-94.303,494.064,854.573,67.0000,321.389,244.697,108.027,63.237,479.689,-2.129, 2.145, 0.046,-0.240, 3.570,-6.032,1.83292,84.89994,-0.24039,0.08351,0.03943,82.00000,-0.22904,22.00000,-0.06494,1.00000,-4.00000
1719603161.530737,296.000,164.000,67.000,298.000,158.000,67.000,302.000,150.000,68.000, 0.064, 0.060, 2.000,-6.000, 2.000,-6.000,31.434,-94.303,66.284,-132.567,577.479,-634.060,68.0000,320.116,244.861,107.730,63.187,479.591,-2.133, 2.150, 0.075,-0.318, 2.549,-6.537,1.76819,91.78235,-0.31771,0.08444,-0.08646,90.00000,-0.12098,18.00000,-0.05994,0.00000,-4.00000
1719603161.604519,298.000,158.000,67.000,302.000,150.000,68.000,306.000,148.000,68.000, 0.060, 0.074, 4.000,-8.000, 4.000,-8.000,66.284,-132.567,54.244,-27.122,-163.268,1429.938,68.0000,320.325,244.286,107.823,62.927,479.874,-2.133, 2.149, 0.095,-0.296, 2.049,-7.080,1.72181,93.05912,-0.29571,0.08437,0.19114,92.00000,-0.10883,14.00000,-0.05994,0.00000,-4.00000
1719603161.670635,302.000,150.000,68.000,306.000,148.000,68.000,312.000,146.000,68.000, 0.074, 0.066, 4.000,-2.000, 4.000,-2.000,54.244,-27.122,90.783,-30.261,552.844,-47.492,68.0000,319.839,244.121,107.128,63.167,480.733,-2.132, 2.137, 0.105, 0.004, 2.114,-7.741,1.65570,94.33981,0.00393,0.08137,0.18035,94.00000,0.00609,8.00000,-0.05994,0.00000,-4.00000
1719603161.73529,306.000,148.000,68.000,312.000,146.000,68.000,320.000,148.000,68.000, 0.066, 0.065, 6.000,-2.000, 6.000,-2.000,90.783,-30.261,123.798,30.950,510.913,947.219,68.0000,319.010,243.061,106.908,62.634,480.594,-2.132, 2.137, 0.144,-0.043, 1.008,-8.707,1.57080,92.00000,-0.04331,0.08187,0.37466,92.00000,0.12779,-0.00000,-0.05994,0.00000,-3.00000
1719603161.800864,312.000,146.000,68.000,320.000,148.000,68.000,330.000,150.000,68.000, 0.065, 0.066, 8.000, 2.000, 8.000, 2.000,123.798,30.950,152.342,30.468,434.835,-7.331,68.0000,318.844,241.505,106.953,62.242,478.135,-2.145, 2.151, 0.129,-0.112, 0.686,-7.542,1.46014,90.55385,-0.11168,0.08261,0.37686,90.00000,0.25635,-10.00000,-0.05427,-1.00000,-1.00000
1719603161.864506,320.000,148.000,68.000,330.000,150.000,68.000,342.000,156.000,68.000, 0.066, 0.064,10.000, 2.000,10.000, 2.000,152.342,30.468,188.464,94.232,567.304,1001.424,68.0000,318.177,241.185,106.618,62.572,474.828,-2.164, 2.165, 0.146,-0.080,-0.759,-6.968,1.31464,86.83317,-0.08001,0.08233,0.58434,84.00000,0.39187,-22.00000,-0.05361,-1.00000,-1.00000
1719603161.9295738,330.000,150.000,68.000,342.000,156.000,68.000,352.000,162.000,68.000, 0.064, 0.065,12.000, 6.000,12.000, 6.000,188.464,94.232,153.751,92.251,-533.706,-30.458,68.0000,317.899,239.211,105.460,63.025,472.249,-2.191, 2.166, 0.161, 0.541,-1.991,-6.490,1.18148,84.30896,0.54093,0.07585,0.59990,78.00000,0.32927,-32.00000,-0.04728,-2.00000,0.00000
1719603161.991356,342.000,156.000,68.000,352.000,162.000,68.000,358.000,172.000,67.000, 0.065, 0.062,10.000, 6.000,10.000, 6.000,153.751,92.251,97.080,161.800,-916.942,1125.302,67.0000,317.373,238.733,105.012,63.051,471.868,-2.193, 2.165, 0.117, 0.699,-0.774,-5.426,1.06120,77.89737,0.69937,0.07392,0.82092,68.00000,0.15805,-38.00000,-0.04594,-2.00000,1.00000
1719603162.065168,352.000,162.000,68.000,358.000,172.000,67.000,362.000,184.000,69.000, 0.062, 0.074, 6.000,10.000, 6.000,10.000,97.080,161.800,54.178,162.533,-581.086, 9.926,69.0000,316.506,238.749,104.899,62.863,471.441,-2.194, 2.171, 0.143, 0.533,-1.680,-5.830,0.92730,70.00000,0.53319,0.07531,0.95281,56.00000,0.07671,-42.00000,-0.03895,-3.00000,1.00000
1719603162.128172,358.000,172.000,67.000,362.000,184.000,69.000,368.000,192.000,67.000, 0.074, 0.063, 4.000,12.000, 4.000,12.000,54.178,162.533,95.273,127.030,652.542,-563.734,67.0000,316.388,237.467,105.028,62.273,469.504,-2.203, 2.184, 0.132, 0.413,-1.969,-4.937,0.78540,67.88225,0.41330,0.07630,0.78398,48.00000,0.19424,-48.00000,-0.03695,-3.00000,2.00000
1719603162.199074,362.000,184.000,69.000,368.000,192.000,67.000,368.000,200.000,66.000, 0.063, 0.071, 6.000, 8.000, 6.000, 8.000,95.273,127.030, 0.000,112.802,-1343.366,-200.628,66.0000,316.468,237.565,105.194,62.269,467.411,-2.209, 2.194, 0.134, 0.301,-2.463,-4.499,0.69474,62.48200,0.30070,0.07728,0.80771,40.00000,-0.09181,-48.00000,-0.03495,-3.00000,2.00000
1719603162.260545,368.000,192.000,67.000,368.000,200.000,66.000,370.000,206.000,67.000, 0.071, 0.061, 0.000, 8.000, 0.000, 8.000, 0.000,112.802,32.623,97.870,532.142,-243.559,67.0000,317.712,237.087,105.859,61.941,466.903, 2.240,-2.229,-0.098, 0.241,-1.714,-3.304,0.59718,60.46487,0.24132,0.07775,0.72923,34.00000,0.01302,-50.00000,-0.03862,-2.00000,2.00000
1719603162.32269,368.000,200.000,66.000,370.000,206.000,67.000,368.000,210.000,66.000, 0.061, 0.062, 2.000, 6.000, 2.000, 6.000,32.623,97.870,-32.088,64.176,-1038.218,-540.591,66.0000,318.584,236.999,106.436,61.683,467.157, 2.237,-2.231,-0.086, 0.123,-1.431,-2.968,0.55860,56.60389,0.12305,0.07887,0.64454,30.00000,-0.18334,-48.00000,-0.04295,-1.00000,3.00000
1719603162.388604,370.000,206.000,67.000,368.000,210.000,66.000,366.000,210.000,67.000, 0.062, 0.066,-2.000, 4.000,-2.000, 4.000,-32.088,64.176,-30.354, 0.000,26.313,-973.993,67.0000,318.885,237.341,106.784,61.609,467.056, 2.237,-2.237,-0.073,-0.019,-0.921,-2.821,0.57790,54.91812,-0.01861,0.08030,0.45095,30.00000,-0.18759,-46.00000,-0.04229,-1.00000,2.00000
1719603162.45336,368.000,210.000,66.000,366.000,210.000,67.000,360.000,210.000,66.000, 0.066, 0.065,-2.000, 0.000,-2.000, 0.000,-30.354, 0.000,-92.734, 0.000,-964.137, 0.000,66.0000,321.001,237.749,107.431,62.010,467.185,-2.209, 2.203, 0.067, 0.137,-0.865,-2.614,0.64350,50.00000,0.13697,0.07867,0.44955,30.00000,-0.39712,-40.00000,-0.05295,1.00000,2.00000
1719603162.5279858,366.000,210.000,67.000,360.000,210.000,66.000,354.000,206.000,67.000, 0.065, 0.075,-6.000, 0.000,-6.000, 0.000,-92.734, 0.000,-80.388,-53.592,165.420,-718.023,67.0000,321.649,237.411,107.547,61.986,468.136,-2.204, 2.196, 0.028, 0.234, 0.496,-1.959,0.78540,48.08326,0.23415,0.07759,0.24297,34.00000,-0.41473,-34.00000,-0.05362,1.00000,2.00000
1719603162.591574,360.000,210.000,66.000,354.000,206.000,67.000,344.000,202.000,66.000, 0.075, 0.064,-6.000,-4.000,-6.000,-4.000,-80.388,-53.592,-157.097,-62.839,-1205.080,-145.267,66.0000,322.068,239.127,107.578,62.688,470.808,-2.190, 2.179, 0.049, 0.317, 0.812,-3.376,1.00748,44.94441,0.31746,0.07659,0.22840,38.00000,-0.63781,-24.00000,-0.05995,2.00000,0.00000
1719603162.6579258,354.000,206.000,67.000,344.000,202.000,66.000,338.000,194.000,66.000, 0.064, 0.066,-10.000,-4.000,-10.000,-4.000,-157.097,-62.839,-90.533,-120.711,1004.375,-873.219,66.0000,322.295,239.756,108.123,62.457,471.406,-2.181, 2.182, 0.035, 0.026, 1.361,-3.204,1.19781,49.39636,0.02644,0.07949,0.00846,46.00000,-0.46397,-18.00000,-0.06128,2.00000,0.00000
1719603162.722259,344.000,202.000,66.000,338.000,194.000,66.000,328.000,184.000,66.000, 0.066, 0.064,-6.000,-8.000,-6.000,-8.000,-90.533,-120.711,-155.535,-155.535,-1011.014,-541.645,66.0000,321.489,240.707,108.218,62.190,473.934,-2.162, 2.175, 0.034,-0.267, 2.154,-3.948,1.42890,56.56854,-0.26668,0.08256,-0.12225,56.00000,-0.68779,-8.00000,-0.05695,1.00000,0.00000
1719603162.7847302,338.000,194.000,66.000,328.000,184.000,66.000,318.000,176.000,67.000, 0.064, 0.063,-10.000,-10.000,-10.000,-10.000,-155.535,-155.535,-159.812,-127.849,-68.341,442.454,67.0000,321.943,241.494,108.742,61.855,476.487,-2.142, 2.165, 0.055,-0.492, 2.448,-5.350,1.60204,64.03124,-0.49226,0.08506,-0.05473,64.00000,-0.71989,2.00000,-0.05761,1.00000,-1.00000
1719603162.852198,328.000,184.000,66.000,318.000,176.000,67.000,310.000,168.000,67.000, 0.063, 0.067,-10.000,-8.000,-10.000,-8.000,-159.812,-127.849,-118.657,-118.657,610.410,136.341,67.0000,321.363,242.362,108.465,62.447,475.206,-2.152, 2.171, 0.060,-0.441, 1.825,-4.987,1.70880,72.69113,-0.44092,0.08476,-0.08369,72.00000,-0.64986,10.00000,-0.05828,1.00000,-2.00000
1719603162.918111,318.000,176.000,67.000,310.000,168.000,67.000,304.000,162.000,68.000, 0.067, 0.066,-8.000,-8.000,-8.000,-8.000,-118.657,-118.657,-91.058,-91.058,418.851,418.851,68.0000,321.360,243.593,108.517,62.311,479.308,-2.126, 2.151, 0.073,-0.516, 2.803,-6.647,1.77312,79.62412,-0.51606,0.08577,-0.01043,78.00000,-0.57371,16.00000,-0.05895,1.00000,-3.00000
1719603162.9821818,310.000,168.000,67.000,304.000,162.000,68.000,302.000,154.000,67.000, 0.066, 0.064,-6.000,-6.000,-6.000,-6.000,-91.058,-91.058,-31.180,-124.719,933.497,-524.771,67.0000,322.883,243.508,109.072,62.238,480.641,-2.123, 2.147, 0.078,-0.451, 2.853,-6.982,1.77712,87.86353,-0.45096,0.08535,-0.13614,86.00000,-0.38875,18.00000,-0.06528,2.00000,-3.00000
1719603163.058688,304.000,162.000,68.000,302.000,154.000,67.000,300.000,150.000,67.000, 0.064, 0.076,-2.000,-8.000,-2.000,-8.000,-31.180,-124.719,-26.146,-52.292,65.807,946.839,67.0000,322.646,243.411,108.852,62.314,480.812,-2.125, 2.146, 0.069,-0.383, 3.079,-6.764,1.78947,92.19544,-0.38338,0.08486,0.03906,90.00000,-0.39609,20.00000,-0.06661,2.00000,-3.00000
1719603163.118291,302.000,154.000,67.000,300.000,150.000,67.000,304.000,150.000,68.000, 0.076, 0.060,-2.000,-4.000,-2.000,-4.000,-26.146,-52.292,67.161, 0.000,1566.657,877.997,68.0000,322.545,242.964,108.803,62.023,480.798,-2.120, 2.142, 0.081,-0.391, 3.005,-7.298,1.74674,91.41116,-0.39134,0.08514,0.22706,90.00000,-0.09574,16.00000,-0.06794,2.00000,-2.00000
1719603163.183208,300.000,150.000,67.000,304.000,150.000,68.000,310.000,152.000,68.000, 0.060, 0.065, 4.000, 0.000, 4.000, 0.000,67.161, 0.000,92.345,30.782,387.596,473.754,68.0000,321.576,242.295,108.425,61.745,481.158,-2.122, 2.141, 0.103,-0.363, 2.339,-7.822,1.68395,88.56636,-0.36329,0.08504,0.32545,88.00000,0.01909,10.00000,-0.06361,1.00000,-2.00000
1719603163.254053,304.000,150.000,68.000,310.000,152.000,68.000,320.000,156.000,68.000, 0.065, 0.071, 6.000, 2.000, 6.000, 2.000,92.345,30.782,141.378,56.551,693.230,364.329,68.0000,321.119,241.710,107.937,61.964,480.337,-2.132, 2.142, 0.109,-0.157, 1.867,-7.682,1.57080,84.00000,-0.15661,0.08305,0.43043,84.00000,0.24328,-0.00000,-0.06427,1.00000,-1.00000
1719603163.31023,310.000,152.000,68.000,320.000,156.000,68.000,330.000,162.000,67.000, 0.071, 0.056,10.000, 4.000,10.000, 4.000,141.378,56.551,177.658,106.595,644.529,889.057,67.0000,320.649,241.211,107.454,62.079,480.393,-2.137, 2.140, 0.107, 0.031, 1.834,-7.540,1.44329,78.63841,0.03078,0.08116,0.54209,78.00000,0.27574,-10.00000,-0.05927,0.00000,-1.00000
1719603163.379562,320.000,156.000,68.000,330.000,162.000,67.000,340.000,174.000,67.000, 0.056, 0.069,10.000, 6.000,10.000, 6.000,177.658,106.595,144.375,173.250,-480.517,962.343,67.0000,319.029,239.240,106.487,62.215,475.107,-2.168, 2.159, 0.128, 0.230,-0.221,-6.582,1.27656,68.96376,0.22965,0.07906,0.86570,66.00000,0.30868,-20.00000,-0.05927,0.00000,0.00000
1719603163.449166,330.000,162.000,67.000,340.000,174.000,67.000,352.000,184.000,67.000, 0.069, 0.070,10.000,12.000,10.000,12.000,144.375,173.250,172.396,143.664,402.562,-425.053,67.0000,318.443,238.632,105.662,62.758,472.629,-2.188, 2.165, 0.108, 0.583,-0.372,-5.359,1.05165,64.49806,0.58281,0.07524,0.79900,56.00000,0.44466,-32.00000,-0.05361,-1.00000,1.00000
1719603163.522271,340.000,174.000,67.000,352.000,184.000,67.000,360.000,196.000,67.000, 0.070, 0.073,12.000,10.000,12.000,10.000,172.396,143.664,109.499,164.248,-860.900,281.752,67.0000,316.988,238.196,105.276,62.434,471.531,-2.189, 2.172, 0.103, 0.439,-0.472,-4.973,0.83298,59.46427,0.43861,0.07646,0.93144,44.00000,0.27994,-40.00000,-0.04161,-3.00000,1.00000
1719603163.581522,352.000,184.000,67.000,360.000,196.000,67.000,368.000,204.000,67.000, 0.073, 0.059, 8.000,12.000, 8.000,12.000,109.499,164.248,135.039,135.039,431.118,-493.048,67.0000,316.366,237.608,105.146,62.237,468.859,-2.204, 2.189, 0.129, 0.330,-2.050,-4.670,0.64350,60.00000,0.33008,0.07738,0.76317,36.00000,0.30777,-48.00000,-0.03961,-3.00000,2.00000
1719603163.6396139,360.000,196.000,67.000,368.000,204.000,67.000,376.000,216.000,68.000, 0.059, 0.058, 8.000, 8.000, 8.000, 8.000,135.039,135.039,137.440,206.161,41.251,1221.868,68.0000,315.684,236.765,104.866,61.964,466.428, 2.239,-2.223,-0.125, 0.301,-2.567,-3.849,0.40489,60.92618,0.30085,0.07752,0.99264,24.00000,0.33599,-56.00000,-0.03195,-4.00000,3.00000
1719603163.709499,368.000,204.000,67.000,376.000,216.000,68.000,378.000,222.000,66.000, 0.058, 0.070, 8.000,12.000, 8.000,12.000,137.440,206.161,28.619,85.856,-1557.162,-1721.477,66.0000,315.721,236.621,105.226,61.539,467.288,-2.207, 2.201, 0.110, 0.111,-1.938,-3.776,0.30092,60.72891,0.11093,0.07936,0.72272,18.00000,0.05680,-58.00000,-0.02928,-4.00000,3.00000
1719603163.7727082,376.000,216.000,68.000,378.000,222.000,66.000,384.000,228.000,67.000, 0.070, 0.063, 2.000, 6.000, 2.000, 6.000,28.619,85.856,94.912,94.912,1048.684,143.266,67.0000,317.317,236.462,105.729,61.672,465.939, 2.236,-2.226,-0.093, 0.210,-1.777,-2.999,0.18535,65.11528,0.21027,0.07827,0.74136,12.00000,0.27118,-64.00000,-0.03795,-2.00000,3.00000
1719603163.846661,378.000,222.000,66.000,384.000,228.000,67.000,386.000,232.000,67.000, 0.063, 0.074, 6.000, 6.000, 6.000, 6.000,94.912,94.912,27.046,54.093,-917.765,-552.011,67.0000,317.280,236.868,105.965,61.621,464.253, 2.226,-2.223,-0.076, 0.048,-1.758,-2.137,0.12062,66.48308,0.04757,0.07987,0.65769,8.00000,0.08846,-66.00000,-0.03662,-2.00000,3.00000
1719603163.911208,384.000,228.000,67.000,386.000,232.000,67.000,388.000,236.000,67.000, 0.074, 0.064, 2.000, 4.000, 2.000, 4.000,27.046,54.093,31.024,62.048,61.700,123.400,67.0000,318.453,237.638,106.396,61.981,464.937, 2.227,-2.222,-0.083, 0.090,-1.931,-2.357,0.05876,68.11755,0.09038,0.07940,0.67030,4.00000,0.09803,-68.00000,-0.04095,-1.00000,2.00000
1719603163.9795682,386.000,232.000,67.000,388.000,236.000,67.000,390.000,238.000,66.000, 0.064, 0.068, 2.000, 4.000, 2.000, 4.000,31.024,62.048,29.251,29.251,-25.926,-479.673,66.0000,319.214,237.740,107.041,61.683,465.894, 2.228,-2.231,-0.069,-0.094,-1.270,-2.259,0.02856,70.02857,-0.09439,0.08129,0.58051,2.00000,0.10770,-70.00000,-0.04595,0.00000,2.00000
1719603164.044419,388.000,236.000,67.000,390.000,238.000,66.000,390.000,240.000,67.000, 0.068, 0.065, 2.000, 2.000, 2.000, 2.000,29.251,29.251, 0.000,30.829,-450.888,24.312,67.0000,318.820,239.155,107.690,61.366,468.430,-2.185, 2.208, 0.068,-0.601,-0.366,-3.171,0.00000,70.00000,-0.60082,0.08666,0.58691,0.00000,0.01486,-70.00000,-0.04029,-1.00000,0.00000
1719603164.10873,390.000,238.000,66.000,390.000,240.000,67.000,392.000,240.000,66.000, 0.065, 0.064, 0.000, 2.000, 0.000, 2.000, 0.000,30.829,31.075, 0.000,482.818,-478.994,66.0000,319.109,239.816,108.089,61.373,468.213,-2.185, 2.214, 0.093,-0.780,-1.196,-3.623,0.00000,72.00000,-0.78033,0.08884,0.49082,0.00000,0.12072,-72.00000,-0.04529,0.00000,0.00000
1719603164.1728792,390.000,240.000,67.000,392.000,240.000,66.000,392.000,242.000,67.000, 0.064, 0.064, 2.000, 0.000, 2.000, 0.000,31.075, 0.000, 0.000,31.218,-485.049,487.291,67.0000,318.444,239.720,107.171,61.990,468.164,-2.194, 2.207, 0.101,-0.378,-1.490,-3.739,-0.02777,72.02777,-0.37841,0.08501,0.59340,-2.00000,0.02798,-72.00000,-0.03962,-1.00000,0.00000
1719603164.236774,392.000,240.000,66.000,392.000,242.000,67.000,392.000,240.000,68.000, 0.064, 0.064, 0.000, 2.000, 0.000, 2.000, 0.000,31.218, 0.000,-31.262, 0.000,-976.643,68.0000,319.302,239.841,107.142,62.355,469.748,-2.190, 2.194, 0.080,-0.118,-0.453,-3.711,0.00000,72.00000,-0.11819,0.08247,0.39481,0.00000,0.03133,-72.00000,-0.04462,0.00000,0.00000
1719603164.308567,392.000,242.000,67.000,392.000,240.000,68.000,394.000,242.000,67.000, 0.064, 0.072, 0.000,-2.000, 0.000,-2.000, 0.000,-31.262,27.893,27.893,389.016,825.019,67.0000,319.351,240.257,107.310,62.379,469.543,-2.187, 2.195, 0.088,-0.221,-0.595,-4.013,-0.02702,74.02702,-0.22109,0.08361,0.59350,-2.00000,0.13728,-74.00000,-0.04462,0.00000,0.00000
1719603164.370504,392.000,240.000,68.000,394.000,242.000,67.000,394.000,246.000,66.000, 0.072, 0.062, 2.000, 2.000, 2.000, 2.000,27.893,27.893, 0.000,64.568,-450.254,592.010,66.0000,318.216,240.449,107.141,62.161,469.778,-2.187, 2.201, 0.100,-0.403,-1.076,-4.123,-0.08090,74.24284,-0.40315,0.08563,0.70267,-6.00000,0.04463,-74.00000,-0.03896,-1.00000,0.00000
1719603164.4407911,394.000,242.000,67.000,394.000,246.000,66.000,394.000,248.000,67.000, 0.062, 0.070, 0.000, 4.000, 0.000, 4.000, 0.000,64.568, 0.000,28.443, 0.000,-513.756,67.0000,318.944,240.626,106.967,62.642,470.825,-2.184, 2.187, 0.121,-0.113,-1.192,-5.124,-0.10769,74.43118,-0.11277,0.08278,0.61335,-8.00000,0.04808,-74.00000,-0.03829,-1.00000,0.00000
1719603164.5020359,394.000,246.000,66.000,394.000,248.000,67.000,392.000,250.000,66.000, 0.070, 0.061, 0.000, 2.000, 0.000, 2.000, 0.000,28.443,-32.662,32.662,-533.394,68.889,66.0000,317.807,240.548,106.229,62.919,470.395,-2.193, 2.189, 0.103, 0.066,-1.039,-4.345,-0.13801,72.69113,0.06592,0.08096,0.62022,-10.00000,-0.05106,-72.00000,-0.03196,-2.00000,0.00000
1719603164.56537,394.000,248.000,67.000,392.000,250.000,66.000,396.000,254.000,66.000, 0.061, 0.063,-2.000, 2.000,-2.000, 2.000,-32.662,32.662,63.110,63.110,1511.056,480.408,66.0000,318.677,240.144,106.722,62.512,471.697,-2.181, 2.181, 0.120,-0.023,-0.925,-5.372,-0.18217,77.27872,-0.02345,0.08187,0.72977,-14.00000,0.25357,-76.00000,-0.03629,-1.00000,0.00000
1719603164.6400461,392.000,250.000,66.000,396.000,254.000,66.000,396.000,258.000,66.000, 0.063, 0.075, 4.000, 4.000, 4.000, 4.000,63.110,63.110, 0.000,53.599,-845.666,-127.450,66.0000,319.200,240.136,107.340,62.217,470.019,-2.185, 2.195, 0.094,-0.274,-0.682,-4.202,-0.23256,78.10250,-0.27379,0.08451,0.74340,-18.00000,0.06493,-76.00000,-0.04129,0.00000,0.00000
1719603164.7086248,396.000,254.000,66.000,396.000,258.000,66.000,396.000,262.000,66.000, 0.075, 0.069, 0.000, 4.000, 0.000, 4.000, 0.000,53.599, 0.000,58.277, 0.000,68.148,66.0000,320.124,240.092,107.745,62.114,471.281,-2.181, 2.190, 0.103,-0.275,-0.688,-4.683,-0.28177,79.12016,-0.27545,0.08466,0.75723,-22.00000,0.06847,-76.00000,-0.04129,0.00000,0.00000
1719603164.7721012,396.000,258.000,66.000,396.000,262.000,66.000,398.000,266.000,67.000, 0.069, 0.063, 0.000, 4.000, 0.000, 4.000, 0.000,58.277,31.536,63.072,497.252,75.605,67.0000,319.719,238.894,107.359,61.952,469.223,-2.195, 2.199, 0.107,-0.153,-1.435,-4.121,-0.32175,82.21922,-0.15281,0.08351,0.77124,-26.00000,0.17460,-78.00000,-0.04129,0.00000,1.00000
1719603164.834191,396.000,262.000,66.000,398.000,266.000,67.000,398.000,268.000,69.000, 0.063, 0.062, 2.000, 4.000, 2.000, 4.000,31.536,63.072, 0.000,32.221,-508.061,-497.017,69.0000,319.346,239.237,107.343,61.937,469.436,-2.190, 2.198, 0.094,-0.238,-0.932,-3.981,-0.34465,82.87340,-0.23756,0.08448,0.68285,-28.00000,0.08214,-78.00000,-0.04129,0.00000,0.00000
1719603164.900268,398.000,266.000,67.000,398.000,268.000,69.000,396.000,274.000,66.000, 0.062, 0.066, 0.000, 2.000, 0.000, 2.000, 0.000,32.221,-30.285,90.854,-458.580,887.836,66.0000,319.613,239.030,107.387,61.970,468.366,-2.197, 2.204, 0.090,-0.198,-1.196,-3.506,-0.42066,83.25863,-0.19783,0.08418,0.89583,-34.00000,-0.01681,-76.00000,-0.04129,0.00000,0.00000
1719603164.964586,398.000,268.000,69.000,396.000,274.000,66.000,396.000,278.000,67.000, 0.066, 0.064,-2.000, 6.000,-2.000, 6.000,-30.285,90.854, 0.000,62.079,470.012,-446.579,67.0000,319.285,238.371,106.927,62.005,468.618,-2.199, 2.198, 0.087, 0.005,-1.004,-3.552,-0.46365,84.97058,0.00485,0.08215,0.81430,-38.00000,0.08283,-76.00000,-0.04129,0.00000,1.00000
1719603165.038715,396.000,274.000,66.000,396.000,278.000,67.000,396.000,284.000,66.000, 0.064, 0.074, 0.000, 4.000, 0.000, 4.000, 0.000,62.079, 0.000,80.950, 0.000,254.590,66.0000,319.355,239.091,106.915,62.304,469.431,-2.194, 2.192, 0.070, 0.036,-0.249,-3.407,-0.52480,87.81799,0.03579,0.08182,0.93165,-44.00000,0.08637,-76.00000,-0.04129,0.00000,0.00000
1719603165.10542,396.000,278.000,67.000,396.000,284.000,66.000,396.000,286.000,67.000, 0.074, 0.067, 0.000, 6.000, 0.000, 6.000, 0.000,80.950, 0.000,29.996, 0.000,-764.203,67.0000,319.725,238.116,107.115,61.922,468.000,-2.204, 2.203, 0.086, 0.004,-1.246,-3.222,-0.54428,88.83693,0.00419,0.08214,0.74800,-46.00000,0.08991,-76.00000,-0.04129,0.00000,1.00000
1719603165.1653628,396.000,284.000,66.000,396.000,286.000,67.000,392.000,292.000,66.000, 0.067, 0.060, 0.000, 2.000, 0.000, 2.000, 0.000,29.996,-66.861,100.291,-1117.588,1174.989,66.0000,320.171,237.875,107.019,62.128,467.168,-2.208, 2.200, 0.069, 0.171,-0.826,-2.772,-0.62549,88.81441,0.17119,0.08038,0.96182,-52.00000,-0.11172,-72.00000,-0.04129,0.00000,2.00000
1719603165.237042,396.000,286.000,67.000,392.000,292.000,66.000,390.000,298.000,67.000, 0.060, 0.072,-4.000, 6.000,-4.000, 6.000,-66.861,100.291,-27.914,83.743,543.580,-230.968,67.0000,319.861,238.005,107.008,62.077,466.722,-2.211, 2.206, 0.055, 0.107,-0.727,-2.148,-0.69192,90.90655,0.10702,0.08097,0.98372,-58.00000,-0.01876,-70.00000,-0.04129,0.00000,1.00000
1719603165.29373,392.000,292.000,66.000,390.000,298.000,67.000,388.000,302.000,66.000, 0.072, 0.057,-2.000, 6.000,-2.000, 6.000,-27.914,83.743,-35.206,70.411,-128.352,-234.667,66.0000,319.872,237.683,107.381,61.566,467.043,-2.204, 2.209, 0.040,-0.121,-0.195,-1.880,-0.73928,92.02174,-0.12080,0.08331,0.90332,-62.00000,-0.02199,-68.00000,-0.04129,0.00000,2.00000
1719603165.3548942,390.000,298.000,67.000,388.000,302.000,66.000,384.000,306.000,66.000, 0.057, 0.061,-2.000, 4.000,-2.000, 4.000,-35.206,70.411,-65.401,65.401,-493.703,-81.920,66.0000,320.811,237.976,107.958,61.497,467.148,-2.199, 2.208, 0.026,-0.248, 0.342,-1.712,-0.80078,91.93476,-0.24830,0.08471,0.91920,-66.00000,-0.12790,-64.00000,-0.04129,0.00000,2.00000
1719603165.434119,388.000,302.000,66.000,384.000,306.000,66.000,384.000,310.000,67.000, 0.061, 0.079,-4.000, 4.000,-4.000, 4.000,-65.401,65.401, 0.000,50.467,825.145,-188.422,67.0000,320.894,238.308,108.186,61.470,466.088,-2.204, 2.218, 0.017,-0.364, 0.175,-1.052,-0.83014,94.84725,-0.36389,0.08604,0.93526,-70.00000,0.06727,-64.00000,-0.04129,0.00000,1.00000
1719603165.496765,384.000,306.000,66.000,384.000,310.000,67.000,384.000,310.000,65.000, 0.079, 0.063, 0.000, 4.000, 0.000, 4.000, 0.000,50.467, 0.000, 0.000, 0.000,-806.103,65.0000,321.001,237.911,108.087,61.431,466.799,-2.202, 2.213, 0.020,-0.270, 0.267,-1.302,-0.83014,94.84725,-0.27017,0.08524,0.74633,-70.00000,0.07025,-64.00000,-0.04696,1.00000,2.00000
1719603165.563286,384.000,310.000,67.000,384.000,310.000,65.000,382.000,310.000,66.000, 0.063, 0.066, 0.000, 0.000, 0.000, 0.000, 0.000, 0.000,-30.080, 0.000,-452.395, 0.000,66.0000,321.425,238.304,107.913,61.951,466.646,-2.203, 2.206, 0.002,-0.074, 0.920,-1.036,-0.84593,93.50936,-0.07373,0.08331,0.74959,-70.00000,-0.02935,-62.00000,-0.04762,1.00000,1.00000
1719603165.6248431,384.000,310.000,65.000,382.000,310.000,66.000,384.000,308.000,66.000, 0.066, 0.062,-2.000, 0.000,-2.000, 0.000,-30.080, 0.000,32.432,-32.432,1013.674,-525.906,66.0000,320.975,238.692,107.526,62.295,467.301,-2.206, 2.204, 0.024, 0.074, 0.325,-1.560,-0.81569,93.38094,0.07431,0.08180,0.65027,-68.00000,0.17222,-64.00000,-0.04262,0.00000,1.00000
1719603165.688816,382.000,310.000,66.000,384.000,308.000,66.000,384.000,304.000,65.000, 0.062, 0.064, 2.000,-2.000, 2.000,-2.000,32.432,-32.432, 0.000,-62.525,-506.951,-470.408,65.0000,320.147,238.960,107.177,62.368,468.357,-2.200, 2.197, 0.030, 0.072, 0.533,-2.101,-0.78540,90.50967,0.07202,0.08178,0.54436,-64.00000,0.07911,-64.00000,-0.04262,0.00000,1.00000
1719603165.753501,384.000,308.000,66.000,384.000,304.000,65.000,386.000,302.000,66.000, 0.064, 0.065, 0.000,-4.000, 0.000,-4.000, 0.000,-62.525,30.963,-30.963,479.342,488.635,66.0000,319.253,239.711,107.279,62.180,468.952,-2.192, 2.200, 0.037,-0.222, 0.493,-2.406,-0.75416,90.55385,-0.22178,0.08483,0.63694,-62.00000,0.18469,-66.00000,-0.04262,0.00000,0.00000
1719603165.8277602,384.000,304.000,65.000,386.000,302.000,66.000,390.000,298.000,67.000, 0.065, 0.074, 2.000,-2.000, 2.000,-2.000,30.963,-30.963,53.805,-53.805,307.253,-307.253,67.0000,319.446,240.446,107.716,62.091,469.725,-2.184, 2.201, 0.064,-0.439,-0.058,-3.293,-0.69192,90.90655,-0.43903,0.08722,0.53075,-58.00000,0.29684,-70.00000,-0.04262,0.00000,0.00000
1719603165.881653,386.000,302.000,66.000,390.000,298.000,67.000,394.000,294.000,66.000, 0.074, 0.054, 4.000,-4.000, 4.000,-4.000,53.805,-53.805,74.315,-74.315,381.049,-381.049,66.0000,318.534,240.953,107.220,62.433,469.426,-2.187, 2.200, 0.079,-0.371,-0.501,-3.626,-0.63040,91.60786,-0.37099,0.08673,0.52047,-54.00000,0.31309,-74.00000,-0.03696,-1.00000,0.00000
1719603165.960768,390.000,298.000,67.000,394.000,294.000,66.000,394.000,292.000,67.000, 0.054, 0.079, 4.000,-4.000, 4.000,-4.000,74.315,-74.315, 0.000,-25.276,-939.196,619.753,67.0000,318.426,241.127,107.017,62.686,469.207,-2.192, 2.201, 0.107,-0.279,-1.400,-4.149,-0.61254,90.44335,-0.27901,0.08595,0.61259,-52.00000,0.12435,-74.00000,-0.03629,-1.00000,-1.00000
1719603166.021059,394.000,294.000,66.000,394.000,292.000,67.000,394.000,290.000,67.000, 0.079, 0.060, 0.000,-2.000, 0.000,-2.000, 0.000,-25.276, 0.000,-33.139, 0.000,-130.291,67.0000,318.101,240.878,106.529,62.943,469.047,-2.197, 2.197, 0.109,-0.061,-1.522,-4.157,-0.59421,89.30845,-0.06123,0.08380,0.60852,-50.00000,0.12780,-74.00000,-0.03563,-1.00000,0.00000
1719603166.086995,394.000,292.000,67.000,394.000,290.000,67.000,392.000,292.000,67.000, 0.060, 0.066, 0.000,-2.000, 0.000,-2.000, 0.000,-33.139,-30.333,30.333,-460.057,962.672,67.0000,317.977,241.236,106.477,63.085,469.074,-2.195, 2.195, 0.113,-0.068,-1.515,-4.400,-0.62549,88.81441,-0.06843,0.08391,0.80954,-52.00000,0.02866,-72.00000,-0.02929,-2.00000,-1.00000
1719603166.151329,394.000,290.000,67.000,392.000,292.000,67.000,388.000,294.000,66.000, 0.066, 0.064,-2.000, 2.000,-2.000, 2.000,-30.333,30.333,-62.244,31.122,-496.569,12.274,66.0000,317.793,241.396,106.516,62.998,469.813,-2.190, 2.193, 0.117,-0.136,-1.415,-4.691,-0.67114,86.83317,-0.13624,0.08465,0.81845,-54.00000,-0.07706,-68.00000,-0.02796,-2.00000,-1.00000
1719603166.2196648,392.000,292.000,67.000,388.000,294.000,66.000,382.000,298.000,66.000, 0.064, 0.068,-4.000, 2.000,-4.000, 2.000,-62.244,31.122,-87.900,58.600,-375.859,402.553,66.0000,318.119,241.345,106.560,63.077,469.668,-2.192, 2.192, 0.123,-0.084,-1.618,-4.818,-0.75208,84.89994,-0.08419,0.08418,0.93005,-58.00000,-0.18947,-62.00000,-0.03230,-1.00000,-1.00000
1719603166.2839732,388.000,294.000,66.000,382.000,298.000,66.000,378.000,304.000,66.000, 0.068, 0.064,-6.000, 4.000,-6.000, 4.000,-87.900,58.600,-62.144,93.216,400.150,537.787,66.0000,318.980,240.877,106.870,62.945,469.558,-2.195, 2.194, 0.109,-0.040,-1.372,-4.313,-0.83454,86.37129,-0.04021,0.08376,1.00000,-64.00000,-0.10347,-58.00000,-0.03163,-1.00000,0.00000
1719603166.350827,382.000,298.000,66.000,378.000,304.000,66.000,372.000,308.000,66.000, 0.064, 0.067,-4.000, 6.000,-4.000, 6.000,-62.144,93.216,-89.676,59.784,-411.506,-499.669,66.0000,320.370,239.940,107.106,62.957,468.198,-2.208, 2.199, 0.102, 0.172,-1.681,-3.620,-0.91795,85.60374,0.17159,0.08155,0.96821,-68.00000,-0.21634,-52.00000,-0.03663,0.00000,0.00000
1719603166.423009,378.000,304.000,66.000,372.000,308.000,66.000,366.000,314.000,66.000, 0.067, 0.072,-6.000, 4.000,-6.000, 4.000,-89.676,59.784,-83.228,83.228,89.445,325.200,66.0000,321.485,238.859,107.085,62.967,468.532,-2.208, 2.189, 0.054, 0.486,-0.139,-2.681,-1.01463,87.13208,0.48567,0.07817,1.00000,-74.00000,-0.23340,-46.00000,-0.04230,1.00000,1.00000
1719603166.485594,372.000,308.000,66.000,366.000,314.000,66.000,360.000,318.000,66.000, 0.072, 0.063,-6.000, 6.000,-6.000, 6.000,-83.228,83.228,-95.810,63.873,-200.908,-309.067,66.0000,322.668,238.096,107.736,62.431,469.658,-2.199, 2.185, 0.049, 0.384, 0.375,-2.969,-1.09694,87.65843,0.38423,0.07899,1.00000,-78.00000,-0.25073,-40.00000,-0.04863,2.00000,1.00000
1719603166.553628,366.000,314.000,66.000,360.000,318.000,66.000,356.000,322.000,66.000, 0.063, 0.068,-6.000, 4.000,-6.000, 4.000,-95.810,63.873,-58.766,58.766,544.234,-75.040,66.0000,323.286,237.674,108.364,61.939,468.654,-2.199, 2.194, 0.023, 0.147, 0.813,-1.996,-1.15711,89.55445,0.14655,0.08129,1.00000,-82.00000,-0.16576,-36.00000,-0.05563,3.00000,2.00000
1719603166.615493,360.000,318.000,66.000,356.000,322.000,66.000,350.000,326.000,66.000, 0.068, 0.062,-4.000, 4.000,-4.000, 4.000,-58.766,58.766,-97.032,64.688,-618.853,95.782,66.0000,322.932,237.774,108.702,61.474,468.969,-2.191, 2.198, 0.025,-0.163, 0.903,-2.218,-1.23516,91.08238,-0.16300,0.08447,1.00000,-86.00000,-0.27965,-30.00000,-0.05196,2.00000,2.00000
1719603166.684648,356.000,322.000,66.000,350.000,326.000,66.000,344.000,328.000,67.000, 0.062, 0.069,-6.000, 4.000,-6.000, 4.000,-97.032,64.688,-86.894,28.965,146.830,-517.360,67.0000,323.247,237.624,108.843,61.475,467.293,-2.199, 2.206,-0.009,-0.180, 1.307,-0.842,-1.30454,91.21403,-0.18045,0.08474,0.95513,-88.00000,-0.29774,-24.00000,-0.05896,3.00000,2.00000
1719603166.745017,350.000,326.000,66.000,344.000,328.000,67.000,336.000,330.000,66.000, 0.069, 0.061,-6.000, 2.000,-6.000, 2.000,-86.894,28.965,-132.168,33.042,-747.977,67.363,66.0000,322.137,237.638,108.081,61.785,467.183,-2.203, 2.203,-0.013, 0.004, 1.398,-0.734,-1.39486,91.41116,0.00355,0.08289,0.96573,-90.00000,-0.41869,-16.00000,-0.05529,2.00000,2.00000
1719603166.819432,344.000,328.000,67.000,336.000,330.000,66.000,326.000,332.000,65.000, 0.061, 0.074,-8.000, 2.000,-8.000, 2.000,-132.168,33.042,-134.396,26.879,-29.939,-82.826,65.0000,321.877,238.433,107.490,62.578,467.523,-2.204, 2.194,-0.022, 0.284, 1.851,-0.722,-1.50567,92.19544,0.28410,0.07995,0.97642,-92.00000,-0.54650,-6.00000,-0.05095,1.00000,1.00000
1719603166.88337,336.000,330.000,66.000,326.000,332.000,65.000,318.000,334.000,66.000, 0.074, 0.064,-10.000, 2.000,-10.000, 2.000,-134.396,26.879,-125.147,31.287,144.681,68.950,66.0000,321.591,238.740,107.216,62.817,468.607,-2.203, 2.188,-0.009, 0.394, 1.724,-1.251,-1.59207,94.02127,0.39410,0.07865,0.98720,-94.00000,-0.47610,2.00000,-0.05162,1.00000,1.00000
1719603166.948556,326.000,332.000,65.000,318.000,334.000,66.000,310.000,334.000,66.000, 0.064, 0.065,-8.000, 2.000,-8.000, 2.000,-125.147,31.287,-122.937, 0.000,33.962,-480.788,66.0000,321.351,238.996,107.219,62.845,467.879,-2.201, 2.191,-0.050, 0.278, 2.738,-0.147,-1.67678,94.53042,0.27807,0.07967,0.89548,-94.00000,-0.50217,10.00000,-0.05229,1.00000,1.00000
1719603167.018601,318.000,334.000,66.000,310.000,334.000,66.000,302.000,332.000,65.000, 0.065, 0.070,-8.000, 0.000,-8.000, 0.000,-122.937, 0.000,-114.080,-28.520,126.298,-406.697,65.0000,322.586,239.407,108.123,62.614,468.422,-2.196, 2.195,-0.052, 0.042, 2.813,-0.106,-1.76401,93.74433,0.04185,0.08201,0.79728,-92.00000,-0.52860,18.00000,-0.05862,2.00000,0.00000
1719603167.074368,310.000,334.000,66.000,302.000,332.000,65.000,296.000,332.000,66.000, 0.070, 0.056,-8.000,-2.000,-8.000,-2.000,-114.080,-28.520,-107.420, 0.000,119.233,510.607,66.0000,323.045,238.977,108.245,62.462,469.237,-2.193, 2.191,-0.043, 0.089, 2.802,-0.544,-1.82598,95.07891,0.08890,0.08150,0.89766,-92.00000,-0.45283,24.00000,-0.06562,3.00000,1.00000
1719603167.139661,302.000,332.000,65.000,296.000,332.000,66.000,292.000,328.000,66.000, 0.056, 0.065,-6.000, 0.000,-6.000, 0.000,-107.420, 0.000,-61.396,-61.396,706.430,-942.363,66.0000,323.050,239.312,107.834,62.977,469.520,-2.193, 2.182,-0.065, 0.289, 3.633,-0.219,-1.87885,92.34717,0.28935,0.07935,0.69677,-88.00000,-0.37084,28.00000,-0.06761,3.00000,0.00000
1719603167.207629,296.000,332.000,66.000,292.000,328.000,66.000,288.000,322.000,66.000, 0.065, 0.068,-4.000,-4.000,-4.000,-4.000,-61.396,-61.396,-58.728,-88.092,39.171,-391.950,66.0000,323.164,239.425,108.067,62.856,469.493,-2.193, 2.186,-0.056, 0.204, 3.266,-0.332,-1.94286,88.02272,0.20381,0.08010,0.58530,-82.00000,-0.38513,32.00000,-0.06961,3.00000,0.00000
1719603167.282497,292.000,328.000,66.000,288.000,322.000,66.000,282.000,314.000,66.000, 0.068, 0.075,-4.000,-6.000,-4.000,-6.000,-58.728,-88.092,-80.163,-106.884,-286.388,-251.078,66.0000,322.484,239.381,107.958,62.631,470.068,-2.189, 2.186,-0.050, 0.099, 3.236,-0.640,-2.04520,83.18654,0.09875,0.08110,0.46705,-74.00000,-0.50220,38.00000,-0.06594,2.00000,0.00000
1719603167.345299,288.000,322.000,66.000,282.000,314.000,66.000,278.000,308.000,66.000, 0.075, 0.063,-6.000,-8.000,-6.000,-8.000,-80.163,-106.884,-63.736,-95.604,261.753,179.743,66.0000,321.363,240.405,107.617,62.887,470.606,-2.184, 2.184,-0.037, 0.022, 3.122,-1.183,-2.12409,79.92496,0.02205,0.08186,0.54712,-68.00000,-0.42086,42.00000,-0.06161,1.00000,0.00000
1719603167.4058502,282.000,314.000,66.000,278.000,308.000,66.000,276.000,302.000,66.000, 0.063, 0.061,-4.000,-6.000,-4.000,-6.000,-63.736,-95.604,-33.000,-98.999,507.144,-56.010,66.0000,319.833,240.625,107.719,62.193,471.681,-2.174, 2.191,-0.013,-0.399, 2.580,-1.872,-2.18799,76.02631,-0.39866,0.08627,0.53081,-62.00000,-0.33321,44.00000,-0.05661,0.00000,0.00000
1719603167.4710982,278.000,308.000,66.000,276.000,302.000,66.000,274.000,294.000,67.000, 0.061, 0.065,-2.000,-6.000,-2.000,-6.000,-33.000,-98.999,-30.650,-122.601,36.001,-361.720,67.0000,319.723,241.250,107.943,62.065,473.070,-2.164, 2.187, 0.019,-0.550, 2.153,-3.141,-2.27636,70.93659,-0.54960,0.08805,0.41163,-54.00000,-0.34176,46.00000,-0.05661,0.00000,-1.00000
1719603167.535413,276.000,302.000,66.000,274.000,294.000,67.000,270.000,288.000,67.000, 0.065, 0.064,-2.000,-8.000,-2.000,-8.000,-30.650,-122.601,-62.194,-93.291,-490.452,455.737,67.0000,319.758,241.487,107.615,62.539,472.941,-2.170, 2.185, 0.009,-0.334, 2.291,-2.762,-2.37660,69.31089,-0.33397,0.08606,0.49077,-48.00000,-0.45298,50.00000,-0.05661,0.00000,-1.00000
1719603167.6016269,274.000,294.000,67.000,270.000,288.000,67.000,264.000,284.000,68.000, 0.064, 0.066,-4.000,-6.000,-4.000,-6.000,-62.194,-93.291,-90.655,-60.437,-430.031,496.396,68.0000,320.114,241.692,107.720,62.596,473.575,-2.166, 2.180, 0.023,-0.307, 2.202,-3.386,-2.47562,71.21798,-0.30717,0.08595,0.57611,-44.00000,-0.57089,56.00000,-0.05661,0.00000,-1.00000
1719603167.669116,270.000,288.000,67.000,264.000,284.000,68.000,256.000,280.000,66.000, 0.066, 0.067,-6.000,-4.000,-6.000,-4.000,-90.655,-60.437,-118.548,-59.274,-413.329,17.232,66.0000,320.212,241.929,107.695,62.693,474.099,-2.162, 2.174, 0.048,-0.255, 1.761,-4.291,-2.58299,75.47185,-0.25482,0.08555,0.56518,-40.00000,-0.69557,64.00000,-0.05661,0.00000,-1.00000
1719603167.7429519,264.000,284.000,68.000,256.000,280.000,66.000,248.000,280.000,66.000, 0.067, 0.074,-8.000,-4.000,-8.000,-4.000,-118.548,-59.274,-108.347, 0.000,138.160,802.768,66.0000,320.184,241.819,107.472,62.745,475.309,-2.159, 2.167, 0.057,-0.119, 1.824,-4.843,-2.63449,82.36504,-0.11890,0.08425,0.75923,-40.00000,-0.72453,72.00000,-0.05661,0.00000,-1.00000
1719603167.806158,256.000,280.000,66.000,248.000,280.000,66.000,242.000,280.000,66.000, 0.074, 0.063,-8.000, 0.000,-8.000, 0.000,-108.347, 0.000,-94.880, 0.000,212.956, 0.000,66.0000,321.592,241.613,107.929,62.858,474.748,-2.164, 2.169, 0.028,-0.057, 2.402,-3.886,-2.66774,87.65843,-0.05681,0.08366,0.76110,-40.00000,-0.65127,78.00000,-0.06228,1.00000,-1.00000
1719603167.874779,248.000,280.000,66.000,242.000,280.000,66.000,234.000,284.000,67.000, 0.063, 0.069,-6.000, 0.000,-6.000, 0.000,-94.880, 0.000,-116.674,58.337,-317.854,850.803,67.0000,323.239,241.817,108.007,63.554,474.659,-2.171, 2.162, 0.021, 0.314, 2.590,-3.692,-2.66869,96.60228,0.31421,0.07979,0.96814,-44.00000,-0.77697,86.00000,-0.07427,3.00000,-1.00000
1719603167.933507,242.000,280.000,66.000,234.000,284.000,67.000,226.000,284.000,67.000, 0.069, 0.059,-8.000, 4.000,-8.000, 4.000,-116.674,58.337,-136.375, 0.000,-335.831,-994.462,67.0000,324.043,240.915,107.699,63.952,473.245,-2.186, 2.162,-0.003, 0.705, 2.776,-2.650,-2.70380,103.78825,0.70497,0.07553,0.77800,-44.00000,-0.80696,94.00000,-0.08194,4.00000,0.00000
1719603168.005808,234.000,284.000,67.000,226.000,284.000,67.000,218.000,286.000,67.000, 0.059, 0.072,-8.000, 0.000,-8.000, 0.000,-136.375, 0.000,-110.467,27.617,357.747,381.339,67.0000,324.586,239.560,107.889,63.459,472.689,-2.188, 2.164,-0.038, 0.680, 3.586,-1.640,-2.71792,111.89281,0.67956,0.07544,0.88264,-46.00000,-0.83731,102.00000,-0.08460,4.00000,0.00000
1719603168.062731,226.000,284.000,67.000,218.000,286.000,67.000,208.000,288.000,67.000, 0.072, 0.057,-8.000, 2.000,-8.000, 2.000,-110.467,27.617,-175.676,35.135,-1145.578,132.084,67.0000,324.890,238.585,109.158,61.824,473.375,-2.167, 2.172,-0.045,-0.080, 4.135,-1.762,-2.73670,121.85237,-0.08009,0.08308,0.89128,-48.00000,-0.97063,112.00000,-0.08727,4.00000,1.00000
1719603168.1411068,218.000,286.000,67.000,208.000,288.000,67.000,208.000,290.000,66.000, 0.057, 0.078,-10.000, 2.000,-10.000, 2.000,-175.676,35.135, 0.000,25.518,2241.452,-122.706,66.0000,324.482,238.900,109.575,61.310,473.803,-2.157, 2.177,-0.047,-0.470, 4.361,-1.839,-2.72171,122.65398,-0.46989,0.08721,0.90001,-50.00000,-0.49537,112.00000,-0.08993,4.00000,1.00000
1719603168.197105,208.000,288.000,67.000,208.000,290.000,66.000,210.000,288.000,67.000, 0.078, 0.056, 0.000, 2.000, 0.000, 2.000, 0.000,25.518,35.719,-35.719,637.918,-1093.655,67.0000,323.774,238.955,109.375,61.262,473.872,-2.158, 2.180,-0.040,-0.499, 4.073,-1.926,-2.73014,120.01667,-0.49929,0.08776,0.70366,-48.00000,-0.39800,110.00000,-0.08693,3.00000,1.00000
1719603168.266714,208.000,290.000,66.000,210.000,288.000,67.000,216.000,286.000,66.000, 0.056, 0.070, 2.000,-2.000, 2.000,-2.000,35.719,-35.719,86.293,-28.764,727.374,100.020,66.0000,323.467,238.537,108.915,61.581,471.904,-2.170, 2.183,-0.067,-0.317, 4.295,-0.776,-2.72515,113.71895,-0.31726,0.08610,0.69940,-46.00000,-0.19146,104.00000,-0.08893,3.00000,1.00000
1719603168.3270779,210.000,288.000,67.000,216.000,286.000,66.000,222.000,284.000,66.000, 0.070, 0.060, 6.000,-2.000, 6.000,-2.000,86.293,-28.764,99.382,-33.127,216.804,-72.268,66.0000,323.109,238.178,108.301,61.908,471.648,-2.176, 2.178,-0.070,-0.035, 4.366,-0.684,-2.71959,107.42439,-0.03484,0.08329,0.69505,-44.00000,-0.17683,98.00000,-0.09092,3.00000,1.00000
1719603168.403042,216.000,286.000,66.000,222.000,284.000,66.000,226.000,282.000,66.000, 0.060, 0.076, 6.000,-2.000, 6.000,-2.000,99.382,-33.127,52.631,-26.315,-615.144,89.632,66.0000,320.970,238.508,107.397,62.069,471.373,-2.176, 2.178,-0.070,-0.033, 4.373,-0.663,-2.72140,102.95630,-0.03268,0.08328,0.69061,-42.00000,-0.26451,94.00000,-0.07592,0.00000,1.00000
1719603168.468228,222.000,284.000,66.000,226.000,282.000,66.000,230.000,274.000,67.000, 0.076, 0.065, 4.000,-2.000, 4.000,-2.000,52.631,-26.315,61.329,-122.658,133.367,-1477.160,67.0000,318.923,238.478,107.659,60.996,470.607,-2.168, 2.195,-0.070,-0.716, 4.094,-0.402,-2.78039,96.20811,-0.71566,0.09047,0.37831,-34.00000,-0.25590,90.00000,-0.07026,-1.00000,1.00000
1719603168.530862,226.000,282.000,66.000,230.000,274.000,67.000,234.000,268.000,66.000, 0.065, 0.063, 4.000,-8.000, 4.000,-8.000,61.329,-122.658,63.926,-95.890,41.507,427.809,66.0000,316.501,239.594,107.403,60.703,470.574,-2.162, 2.205,-0.013,-1.095, 2.513,-1.784,-2.82683,90.44335,-1.09533,0.09481,0.45651,-28.00000,-0.24711,86.00000,-0.05826,-3.00000,0.00000
1719603168.5935419,230.000,274.000,67.000,234.000,268.000,66.000,238.000,260.000,67.000, 0.063, 0.063, 4.000,-6.000, 4.000,-6.000,63.926,-95.890,63.806,-127.612,-1.924,-506.012,67.0000,315.800,240.577,106.941,61.252,471.544,-2.164, 2.202, 0.018,-0.943, 1.765,-2.662,-2.90236,84.40379,-0.94306,0.09376,0.33575,-20.00000,-0.23813,82.00000,-0.05060,-4.00000,0.00000
1719603168.667264,234.000,268.000,66.000,238.000,260.000,67.000,242.000,256.000,66.000, 0.063, 0.074, 4.000,-8.000, 4.000,-8.000,63.806,-127.612,54.300,-54.300,-129.041,995.204,66.0000,316.919,241.506,106.815,62.211,471.698,-2.167, 2.191, 0.028,-0.575, 1.699,-3.157,-2.93927,79.62412,-0.57454,0.09036,0.51588,-16.00000,-0.22897,78.00000,-0.05360,-3.00000,-1.00000
1719603168.724417,238.000,260.000,67.000,242.000,256.000,66.000,244.000,252.000,65.000, 0.074, 0.057, 4.000,-4.000, 4.000,-4.000,54.300,-54.300,34.926,-69.852,-338.327,-271.588,65.0000,317.155,242.792,106.565,63.017,472.900,-2.167, 2.182, 0.034,-0.351, 1.799,-3.579,-2.98499,76.94154,-0.35111,0.08831,0.50364,-12.00000,-0.32221,76.00000,-0.05727,-2.00000,-2.00000
1719603168.788197,242.000,256.000,66.000,244.000,252.000,65.000,246.000,248.000,66.000, 0.057, 0.064, 2.000,-4.000, 2.000,-4.000,34.926,-69.852,31.357,-62.714,-55.955,111.910,66.0000,317.929,242.606,107.138,62.570,474.378,-2.158, 2.179, 0.062,-0.488, 1.385,-4.648,-3.03390,74.43118,-0.48773,0.08992,0.49122,-8.00000,-0.31926,74.00000,-0.05593,-2.00000,-2.00000
1719603168.863585,244.000,252.000,65.000,246.000,248.000,66.000,246.000,244.000,66.000, 0.064, 0.075, 2.000,-4.000, 2.000,-4.000,31.357,-62.714, 0.000,-53.130,-416.503,127.303,66.0000,318.715,242.693,107.339,62.876,472.799,-2.168, 2.184, 0.079,-0.397, 0.518,-4.659,-3.08759,74.10803,-0.39691,0.08921,0.47860,-4.00000,-0.41880,74.00000,-0.06027,-1.00000,-2.00000
1719603168.929207,246.000,248.000,66.000,246.000,244.000,66.000,244.000,244.000,65.000, 0.075, 0.066, 0.000,-4.000, 0.000,-4.000, 0.000,-53.130,-30.456, 0.000,-463.780,809.062,65.0000,318.654,242.483,106.637,63.486,472.951,-2.178, 2.176, 0.096, 0.040,-0.041,-4.992,-3.08901,76.10519,0.03971,0.08482,0.67098,-4.00000,-0.52484,76.00000,-0.05960,-1.00000,-2.00000
1719603168.993908,246.000,244.000,66.000,244.000,244.000,65.000,244.000,248.000,67.000, 0.066, 0.065,-2.000, 0.000,-2.000, 0.000,-30.456, 0.000, 0.000,61.815,470.657,955.274,67.0000,320.464,242.212,107.241,63.288,475.042,-2.165, 2.163, 0.074, 0.113, 1.278,-5.223,-3.03672,76.41989,0.11333,0.08403,0.87635,-8.00000,-0.43229,76.00000,-0.06460,0.00000,-2.00000
1719603169.058671,244.000,244.000,65.000,244.000,248.000,67.000,242.000,252.000,66.000, 0.065, 0.065, 0.000, 4.000, 0.000, 4.000, 0.000,61.815,-30.891,61.783,-477.138,-0.499,66.0000,321.083,241.688,107.523,63.286,472.344,-2.178, 2.176, 0.056, 0.094, 1.063,-4.010,-2.98894,78.91768,0.09366,0.08418,0.88971,-12.00000,-0.53842,78.00000,-0.07027,1.00000,-1.00000
1719603169.122872,244.000,248.000,67.000,242.000,252.000,66.000,240.000,256.000,67.000, 0.065, 0.064,-2.000, 4.000,-2.000, 4.000,-30.891,61.783,-31.118,62.236,-3.523, 7.046,67.0000,321.039,240.622,107.367,62.969,472.878,-2.180, 2.174, 0.055, 0.193, 1.064,-3.962,-2.94420,81.58431,0.19319,0.08309,0.90325,-16.00000,-0.54855,80.00000,-0.07093,1.00000,0.00000
1719603169.189117,242.000,252.000,66.000,240.000,256.000,67.000,236.000,262.000,67.000, 0.064, 0.066,-2.000, 4.000,-2.000, 4.000,-31.118,62.236,-60.391,90.586,-441.959,428.034,67.0000,321.975,238.938,107.333,62.814,471.028,-2.193, 2.178, 0.017, 0.438, 1.595,-2.490,-2.88544,86.83317,0.43833,0.08041,1.00000,-22.00000,-0.66136,84.00000,-0.07160,1.00000,1.00000
1719603169.25175,240.000,256.000,67.000,236.000,262.000,67.000,232.000,270.000,67.000, 0.066, 0.063,-4.000, 6.000,-4.000, 6.000,-60.391,90.586,-63.937,127.873,-56.674,595.996,67.0000,321.513,237.884,107.532,62.038,469.933,-2.191, 2.186,-0.020, 0.154, 2.407,-1.349,-2.81304,92.97311,0.15412,0.08318,1.00000,-30.00000,-0.67827,88.00000,-0.07227,1.00000,2.00000
1719603169.322124,236.000,262.000,67.000,232.000,270.000,67.000,228.000,276.000,67.000, 0.063, 0.070,-4.000, 8.000,-4.000, 8.000,-63.937,127.873,-56.806,85.209,101.262,-605.893,67.0000,321.811,238.069,107.894,61.855,470.239,-2.186, 2.187,-0.022,-0.004, 2.578,-1.410,-2.76860,98.79271,-0.00353,0.08476,1.00000,-36.00000,-0.69536,92.00000,-0.07293,1.00000,1.00000
1719603169.387956,232.000,270.000,67.000,228.000,276.000,67.000,222.000,282.000,67.000, 0.070, 0.066,-4.000, 6.000,-4.000, 6.000,-56.806,85.209,-91.170,91.170,-522.156,90.571,67.0000,322.023,237.485,107.926,61.719,469.384,-2.190, 2.190,-0.050, 0.004, 3.076,-0.462,-2.73670,106.62082,0.00416,0.08468,1.00000,-42.00000,-0.81522,98.00000,-0.07926,2.00000,2.00000
1719603169.453009,228.000,276.000,67.000,222.000,282.000,67.000,214.000,284.000,67.000, 0.066, 0.065,-6.000, 6.000,-6.000, 6.000,-91.170,91.170,-123.005,30.751,-489.485,-928.976,67.0000,322.649,237.732,108.088,61.910,469.170,-2.188, 2.187,-0.056, 0.034, 3.376,-0.444,-2.74814,114.76933,0.03442,0.08436,0.90487,-44.00000,-0.94186,106.00000,-0.08060,2.00000,2.00000
1719603169.518134,222.000,282.000,67.000,214.000,284.000,67.000,206.000,284.000,67.000, 0.065, 0.065,-8.000, 2.000,-8.000, 2.000,-123.005,30.751,-122.711, 0.000, 4.513,-471.689,67.0000,322.937,237.759,108.153,61.956,469.689,-2.188, 2.186,-0.072, 0.047, 3.851,-0.057,-2.77324,122.19656,0.04732,0.08421,0.81082,-44.00000,-0.97277,114.00000,-0.08193,2.00000,2.00000
1719603169.5836601,214.000,284.000,67.000,206.000,284.000,67.000,204.000,284.000,68.000, 0.065, 0.065,-8.000, 0.000,-8.000, 0.000,-122.711, 0.000,-30.561, 0.000,1408.108, 0.000,68.0000,322.787,237.202,108.200,61.712,467.659,-2.192, 2.193,-0.102,-0.067, 4.235, 1.103,-2.77905,124.06450,-0.06681,0.08538,0.81287,-44.00000,-0.69629,116.00000,-0.08326,2.00000,2.00000
1719603169.657776,206.000,284.000,67.000,204.000,284.000,68.000,208.000,280.000,67.000, 0.065, 0.074,-2.000, 0.000,-2.000, 0.000,-30.561, 0.000,53.967,-53.967,1140.419,-728.096,67.0000,323.261,237.998,108.230,62.142,468.831,-2.188, 2.186,-0.097, 0.024, 4.448, 0.635,-2.79857,118.92855,0.02403,0.08446,0.60975,-40.00000,-0.40043,112.00000,-0.09026,3.00000,2.00000
1719603169.7244532,204.000,284.000,68.000,208.000,280.000,67.000,214.000,276.000,66.000, 0.074, 0.067, 4.000,-4.000, 4.000,-4.000,53.967,-53.967,89.971,-59.981,539.903,-90.188,66.0000,323.609,238.779,108.065,62.609,471.238,-2.179, 2.173,-0.093, 0.181, 5.005,-0.093,-2.81419,111.94642,0.18145,0.08280,0.59862,-36.00000,-0.29007,106.00000,-0.09226,3.00000,1.00000
1719603169.7906098,208.000,280.000,67.000,214.000,276.000,66.000,222.000,274.000,67.000, 0.067, 0.066, 6.000,-4.000, 6.000,-4.000,89.971,-59.981,120.822,-30.205,465.927,449.691,67.0000,323.611,239.109,107.796,62.990,471.616,-2.181, 2.168,-0.091, 0.354, 5.014,-0.223,-2.80765,103.73042,0.35375,0.08090,0.68991,-34.00000,-0.17294,98.00000,-0.09425,3.00000,0.00000
1719603169.853801,214.000,276.000,66.000,222.000,274.000,67.000,228.000,270.000,68.000, 0.066, 0.063, 8.000,-2.000, 8.000,-2.000,120.822,-30.205,95.078,-63.385,-407.947,-525.779,68.0000,321.688,239.616,107.504,62.639,472.249,-2.172, 2.172,-0.085, 0.031, 5.051,-0.553,-2.82638,96.76776,0.03145,0.08410,0.58241,-30.00000,-0.25413,92.00000,-0.08492,1.00000,0.00000
1719603169.916053,222.000,274.000,67.000,228.000,270.000,68.000,238.000,268.000,66.000, 0.063, 0.062, 6.000,-4.000, 6.000,-4.000,95.078,-63.385,160.847,-32.169,1057.868,502.099,66.0000,318.567,240.570,107.462,61.724,472.652,-2.155, 2.185,-0.060,-0.719, 4.509,-1.324,-2.81254,86.64872,-0.71919,0.09197,0.67341,-28.00000,-0.03376,82.00000,-0.07425,-1.00000,0.00000
1719603169.986052,228.000,270.000,68.000,238.000,268.000,66.000,248.000,264.000,66.000, 0.062, 0.070,10.000,-2.000,10.000,-2.000,160.847,-32.169,142.537,-57.015,-260.977,-354.142,66.0000,316.393,240.295,107.452,60.886,471.247,-2.162, 2.207,-0.019,-1.143, 2.599,-1.581,-2.81984,75.89466,-1.14306,0.09678,0.56563,-24.00000,-0.00512,72.00000,-0.06226,-3.00000,0.00000
1719603170.045409,238.000,268.000,66.000,248.000,264.000,66.000,256.000,260.000,66.000, 0.070, 0.059,10.000,-4.000,10.000,-4.000,142.537,-57.015,134.871,-67.436,-129.245,-175.679,66.0000,315.992,240.869,106.864,61.445,472.557,-2.159, 2.194, 0.028,-0.848, 1.854,-3.294,-2.83871,67.05222,-0.84807,0.09425,0.55377,-20.00000,-0.07860,64.00000,-0.05459,-4.00000,0.00000
1719603170.1087391,248.000,264.000,66.000,256.000,260.000,66.000,264.000,258.000,66.000, 0.059, 0.063, 8.000,-4.000, 8.000,-4.000,134.871,-67.436,126.376,-31.594,-134.191,566.189,66.0000,315.855,241.670,106.288,62.395,471.727,-2.172, 2.192, 0.041,-0.497, 1.163,-3.313,-2.83059,58.82176,-0.49654,0.09099,0.64430,-18.00000,-0.05561,56.00000,-0.05193,-4.00000,-1.00000
1719603170.174277,256.000,260.000,66.000,264.000,258.000,66.000,268.000,254.000,66.000, 0.063, 0.066, 8.000,-2.000, 8.000,-2.000,126.376,-31.594,60.952,-60.952,-996.936,-447.366,66.0000,316.267,241.456,106.419,62.321,471.933,-2.170, 2.189, 0.079,-0.463, 0.317,-4.424,-2.87860,53.85165,-0.46289,0.09088,0.53606,-14.00000,-0.23742,52.00000,-0.05493,-3.00000,-1.00000
1719603170.247046,264.000,258.000,66.000,268.000,254.000,66.000,272.000,248.000,65.000, 0.066, 0.073, 4.000,-4.000, 4.000,-4.000,60.952,-60.952,55.041,-82.562,-81.343,-297.347,65.0000,316.645,241.540,106.817,62.104,472.129,-2.167, 2.192, 0.060,-0.616, 0.804,-3.942,-2.97644,48.66210,-0.61616,0.09272,0.42113,-8.00000,-0.22686,48.00000,-0.05293,-3.00000,-1.00000
1719603170.311917,268.000,254.000,66.000,272.000,248.000,65.000,270.000,244.000,65.000, 0.073, 0.065, 4.000,-6.000, 4.000,-6.000,55.041,-82.562,-30.804,-61.608,-1322.179,322.728,65.0000,317.109,241.138,107.075,61.963,470.915,-2.173, 2.198, 0.089,-0.652,-0.324,-4.341,-3.06176,50.15974,-0.65194,0.09340,0.50462,-4.00000,-0.52388,50.00000,-0.05660,-2.00000,-1.00000
1719603170.377598,272.000,248.000,65.000,270.000,244.000,65.000,268.000,242.000,66.000, 0.065, 0.066,-2.000,-4.000,-2.000,-4.000,-30.804,-61.608,-30.466,-30.466, 5.148,474.383,66.0000,317.620,241.649,107.112,62.301,471.494,-2.171, 2.192, 0.080,-0.545, 0.186,-4.359,-3.10315,52.03845,-0.54538,0.09261,0.59441,-2.00000,-0.53271,52.00000,-0.05527,-2.00000,-1.00000
1719603170.441045,270.000,244.000,65.000,268.000,242.000,66.000,264.000,238.000,66.000, 0.066, 0.063,-2.000,-2.000,-2.000,-2.000,-30.466,-30.466,-63.061,-63.061,-513.861,-513.861,66.0000,318.520,242.337,107.130,62.913,471.948,-2.172, 2.185, 0.076,-0.322, 0.411,-4.416,3.10589,56.03570,-0.32205,0.09054,0.48542,2.00000,-0.64421,56.00000,-0.05960,-1.00000,-2.00000
1719603170.503176,268.000,242.000,66.000,264.000,238.000,66.000,256.000,236.000,66.000, 0.063, 0.062,-4.000,-4.000,-4.000,-4.000,-63.061,-63.061,-128.574,-32.143,-1052.911,496.892,66.0000,320.196,242.238,107.124,63.508,473.104,-2.177, 2.173, 0.066, 0.125, 0.887,-4.358,3.07917,64.12488,0.12492,0.08601,0.57493,4.00000,-0.86499,64.00000,-0.06460,0.00000,-2.00000
1719603170.579704,264.000,238.000,66.000,256.000,236.000,66.000,248.000,238.000,67.000, 0.062, 0.076,-8.000,-2.000,-8.000,-2.000,-128.574,-32.143,-104.630,26.157,313.159,762.501,67.0000,321.748,241.286,106.776,64.094,472.862,-2.188, 2.162, 0.054, 0.731, 1.198,-4.082,3.11382,72.02777,0.73150,0.07958,0.77343,2.00000,-0.89394,72.00000,-0.07027,1.00000,-1.00000
1719603170.646048,256.000,236.000,66.000,248.000,238.000,67.000,238.000,238.000,67.000, 0.076, 0.066,-8.000, 2.000,-8.000, 2.000,-104.630,26.157,-150.571, 0.000,-691.752,-393.856,67.0000,322.581,241.201,106.368,64.553,475.337,-2.182, 2.143, 0.019, 1.148, 2.811,-3.907,3.11721,82.02439,1.14786,0.07484,0.67724,2.00000,-1.00000,82.00000,-0.07660,2.00000,-1.00000
1719603170.7133372,248.000,238.000,67.000,238.000,238.000,67.000,230.000,238.000,67.000, 0.066, 0.067,-10.000, 0.000,-10.000, 0.000,-150.571, 0.000,-119.001, 0.000,469.612, 0.000,67.0000,323.792,240.431,107.442,63.644,475.389,-2.173, 2.149,-0.005, 0.748, 3.601,-3.361,3.11937,90.02222,0.74778,0.07847,0.67714,2.00000,-0.95956,90.00000,-0.08360,3.00000,0.00000
1719603170.771413,238.000,238.000,67.000,230.000,238.000,67.000,220.000,242.000,67.000, 0.067, 0.058,-8.000, 0.000,-8.000, 0.000,-119.001, 0.000,-172.307,68.923,-918.486,1187.582,67.0000,324.512,240.112,108.095,63.160,475.044,-2.167, 2.153,-0.029, 0.472, 4.278,-2.775,-3.12160,100.02000,0.47173,0.08099,0.88223,-2.00000,-1.00000,100.00000,-0.09126,4.00000,0.00000
1719603170.8367,230.000,238.000,67.000,220.000,242.000,67.000,214.000,244.000,67.000, 0.058, 0.065,-10.000, 4.000,-10.000, 4.000,-172.307,68.923,-91.885,30.628,1231.589,-586.446,67.0000,324.592,239.778,108.372,62.904,473.895,-2.169, 2.161,-0.053, 0.294, 4.588,-1.821,-3.10387,106.07544,0.29358,0.08263,0.79272,-4.00000,-0.92427,106.00000,-0.09393,4.00000,0.00000
1719603170.901599,220.000,242.000,67.000,214.000,244.000,67.000,206.000,248.000,68.000, 0.065, 0.065,-6.000, 2.000,-6.000, 2.000,-91.885,30.628,-123.105,61.553,-480.418,475.866,68.0000,324.169,239.607,107.965,63.023,474.580,-2.171, 2.157,-0.056, 0.435, 4.753,-1.809,-3.07153,114.28036,0.43451,0.08100,0.90199,-8.00000,-1.00000,114.00000,-0.09659,4.00000,0.00000
1719603170.975446,214.000,244.000,67.000,206.000,248.000,68.000,202.000,250.000,68.000, 0.065, 0.074,-8.000, 4.000,-8.000, 4.000,-123.105,61.553,-54.163,27.082,933.531,-466.765,68.0000,323.206,239.261,107.667,62.829,473.545,-2.170, 2.160,-0.085, 0.295, 5.413,-0.958,-3.05705,118.42297,0.29524,0.08224,0.81276,-10.00000,-0.87739,118.00000,-0.09359,3.00000,0.00000
1719603171.0393002,206.000,248.000,68.000,202.000,250.000,68.000,200.000,252.000,67.000, 0.074, 0.064,-4.000, 2.000,-4.000, 2.000,-54.163,27.082,-31.362,31.362,357.547,67.114,67.0000,323.063,239.193,108.067,62.248,474.487,-2.160, 2.162,-0.079,-0.000, 5.518,-1.340,-3.04192,120.59851,-0.00041,0.08520,0.81972,-12.00000,-0.79329,120.00000,-0.09559,3.00000,0.00000
1719603171.102155,202.000,250.000,68.000,200.000,252.000,67.000,200.000,252.000,67.000, 0.064, 0.063,-2.000, 2.000,-2.000, 2.000,-31.362,31.362, 0.000, 0.000,498.944,-498.944,67.0000,322.521,238.965,108.029,62.055,473.839,-2.162, 2.168,-0.096,-0.133, 5.707,-0.630,-3.04192,120.59851,-0.13339,0.08660,0.72418,-12.00000,-0.70279,120.00000,-0.09192,2.00000,1.00000
1719603171.1692832,200.000,252.000,67.000,200.000,252.000,67.000,202.000,252.000,68.000, 0.063, 0.067, 0.000, 0.000, 0.000, 0.000, 0.000, 0.000,29.761, 0.000,442.858, 0.000,68.0000,322.043,238.927,107.795,62.129,472.862,-2.164, 2.170,-0.097,-0.118, 5.626,-0.491,-3.04025,118.60860,-0.11754,0.08650,0.72474,-12.00000,-0.60579,118.00000,-0.09325,2.00000,1.00000
1719603171.241498,200.000,252.000,67.000,202.000,252.000,68.000,208.000,246.000,67.000, 0.067, 0.072, 2.000, 0.000, 2.000, 0.000,29.761, 0.000,83.137,-83.137,739.587,-1151.961,67.0000,321.167,239.007,107.507,62.205,471.932,-2.172, 2.176,-0.089,-0.099, 4.992,-0.318,-3.08807,112.16060,-0.09881,0.08636,0.41753,-6.00000,-0.39962,112.00000,-0.08892,1.00000,0.00000
